0.6068465709778534, 0.62018526245269, 0.6333304656069529, 0.6462740018402338, 0.6590063401469468, 0.6715231032420537, 0.6838154039695343, 0.6958773710159827, 0.7077033519654732, 0.7192848832469574, 0.7306211001734999, 0.7417017864424595, 0.7525214000320863, 0.763082649309891, 0.7733723512298871, 0.7833890815811371, 0.7931318460941172, 0.8025946759943521, 0.8117721581882202, 0.8206664338080136, 0.8292681396106092, 0.8375805318320468, 0.8455971334634418, 0.8533182919907984, 0.8607395861194798, 0.8678628303049711, 0.8746829859159293, 0.8812033868287772, 0.8874200606088527, 0.8933343909281595, 0.8989437249728089, 0.9042501052590657, 0.9092516573672418, 0.9139479716193071, 0.9183410343853415, 0.9224316918253903, 0.9262175345167512, 0.929705333762711, 0.9328923973829388, 0.9357863597626723, 0.9383801764526245, 0.9406762488057323, 0.9426818483931809, 0.9443981660611298, 0.9458194455793523, 0.946962160225044, 0.9478175763940149, 0.9483928613036587, 0.9486917426616044, 0.9487147751045546, 0.9484670590914517, 0.9479488329548422, 0.9471680250144621, 0.9461248531957649, 0.9448214744502392, 0.9432668030605411, 0.9414589421510504, 0.9394064429122073, 0.9371132094487598, 0.9345760820103584, 0.9318138732441943, 0.928816647739743, 0.9255971603232274, 0.9221519289711102, 0.9184936107279418, 0.9146251363564977, 0.9105448204510287, 0.9062680420995255, 0.901786284839555, 0.8971200184844106, 0.8922619578971256, 0.8872198444247088, 0.8820016860938713, 0.876608244031778, 0.8710489619764408, 0.8653188658956017, 0.8594384173075076, 0.853403781252875, 0.8472177724883307, 0.8408902354762473, 0.8344226387425548, 0.8278220498564108, 0.8210943353740765, 0.8142398149281744, 0.8072730684990281, 0.8001884871765474, 0.7929958125546177, 0.7856990311954126, 0.7783063130502077, 0.7708140446913267, 0.7632375274207694, 0.7555761042825102, 0.7478346988252644, 0.7400171943956293, 0.7321302015961022, 0.7241800282031816, 0.716167794806224, 0.7080989784221705, 0.6999779463705655, 0.6918082892873931
0.6144914149076133, 0.6279636444327839, 0.6412413577858231, 0.6543155561149749, 0.6671786967019457, 0.6798262561908919, 0.6922422920983706, 0.7044297174657501, 0.7163804377128331, 0.7280833629051466, 0.7395369990017544, 0.7507359096325148, 0.761673024098763, 0.7723462504638006, 0.782748341426303, 0.7928741722863863, 0.802725026920803, 0.8122925044739437, 0.8215741001435317, 0.8305692945785976, 0.8392700048961439, 0.8476785542032994, 0.8557894643884643, 0.8636016794780064, 0.8711160523298007, 0.8783252123396617, 0.8852317936285887, 0.8918351651220187, 0.8981330277852466, 0.9041254555931326, 0.9098097282708819, 0.9151890932341002, 0.9202618091603822, 0.9250262093178128, 0.9294851633131058, 0.9336391715877594, 0.9374900164824558, 0.9410356773987294, 0.9442792158915436, 0.947222793692716, 0.9498657238610297, 0.952212414539015, 0.9542628713359447, 0.9560193417878535, 0.9574879025614385, 0.9586651984123682, 0.9595574168446417, 0.9601657597141999, 0.960489348140146, 0.9605442972702987, 0.960320650362994, 0.9598256641151179, 0.9590602753724538, 0.9580329138007917, 0.9567452042790299, 0.9552022929136461, 0.9534032344138259, 0.9513615739495185, 0.9490734826323495, 0.9465402393991402, 0.9437745129161135, 0.9407732773057722, 0.9375494918853802, 0.9340959206778967, 0.9304259882063333, 0.9265423885249353, 0.9224515029546501, 0.9181570131177557, 0.9136576203613123, 0.9089662713526563, 0.9040871652495346, 0.8990175613962448, 0.893769167754292, 0.8883438221270046, 0.8827536296420382, 0.8769945152175991, 0.8710746256562265, 0.8649976244471764, 0.8587710930372436, 0.8523996004707426, 0.8458840213142151, 0.8392406678438595, 0.8324631261230477, 0.8255574207314913, 0.8185301938080682, 0.8113966305623412, 0.8041484583839198, 0.7967935732142761, 0.7893367606272639, 0.7817866682273324, 0.7741466717236092, 0.7664183197333747, 0.7586093035153381, 0.7507274092270881, 0.7427729725081376, 0.7347471247115882, 0.7266622178998103, 0.7185200404246848, 0.7103216873673537, 0.702076595261576
0.6281760255078632, 0.6412972730484645, 0.6542208673070471, 0.6669354542127754, 0.679440471768646, 0.6917293839342955, 0.703810858814987, 0.7156664841539344, 0.7273097431197391, 0.7387300615143024, 0.7499305019183291, 0.7609047627031549, 0.7716567665727583, 0.7821800140365918, 0.7924798619340612, 0.8025493333184022, 0.8123848127561013, 0.8219832944597263, 0.8313263735944565, 0.8403962842763741, 0.8491798327857216, 0.857675934289122, 0.8658748905536848, 0.8737699616640429, 0.8813685251506227, 0.8886622159924125, 0.8956521818287007, 0.9023347317127266, 0.9087097713901313, 0.91477607758645, 0.9205316493588915, 0.9259831994107293, 0.9311230269736575, 0.9359528626002875, 0.9404776316805785, 0.9446930121228077, 0.9486023287879126, 0.9522047938365601, 0.9555011065822212, 0.9584950766935476, 0.9611903454908335, 0.9635822384150279, 0.9656777856222822, 0.9674752910347975, 0.9689817276218049, 0.970194377948963, 0.9711192045871142, 0.9717582462611274, 0.9721159152288257, 0.9721929266848006, 0.9719933469047488, 0.97151995084901, 0.9707773385896514, 0.9697665031374738, 0.9684917605807248, 0.9669596452556695, 0.9651739655059819, 0.9631345079630966, 0.9608483940489014, 0.9583167830361594, 0.9555514968312684, 0.9525482388947486, 0.9493153449024119, 0.9458567755383767, 0.9421779815942584, 0.9382821623947697, 0.9341741795801353, 0.9298603304037405, 0.9253427560170726, 0.9206303211795541, 0.9157232154877475, 0.9106288428344937, 0.9053521699693965, 0.899897683764709, 0.8942683316592683, 0.8884747527952284, 0.8825169691168524, 0.8764011136785745, 0.870135531153486, 0.8637198830835677, 0.8571611858906314, 0.8504682402370873, 0.8436416473674901, 0.8366847793415451, 0.8296119434047489, 0.8224182430010734, 0.815111264864405, 0.8076997572237827, 0.8001823688671186, 0.7925719528101913, 0.7848690877400228, 0.7770765754851636, 0.7692034540350816, 0.7612506947808795, 0.7532217182521412, 0.7451287040128554, 0.7369736570213865, 0.7287571910242887, 0.7204849760806118, 0.7121628756557064
0.6495851531943044, 0.6631297370145264, 0.6764274643394144, 0.6894806365156372, 0.7022723895883916, 0.7148067246588754, 0.7270752750069223, 0.7390709222594269, 0.7507899177455508, 0.762230507261795, 0.773384218132839, 0.7842581877765111, 0.7948427419257014, 0.8051353762689066, 0.8151348756618324, 0.8248395565558111, 0.8342501162607965, 0.843364030883154, 0.852177526239692, 0.8606992370438418, 0.8689192459691979, 0.8768403041437365, 0.8844699480973857, 0.8917887724749667, 0.898836657131894, 0.9055805257069478, 0.9120309873705343, 0.9181951266189641, 0.924068175628892, 0.9296554715447938, 0.934960751551734, 0.9399783434929665, 0.9447269664116886, 0.9491947781577634, 0.9533910982108855, 0.957315878265617, 0.960966026510234, 0.9643455914455954, 0.9674594591973884, 0.9703107646446147, 0.972900837409429, 0.9752182370787699, 0.9772676023953712, 0.9790345584327076, 0.9805275443880985, 0.9817369839414196, 0.9826695817776843, 0.9833196352339959, 0.9836889331795708, 0.983777886230313, 0.9835892977623493, 0.9831297127849323, 0.9823986581292123, 0.9813975306959675, 0.9801306737830009, 0.9786069582584984, 0.9768237706250593, 0.974787491837918, 0.9724988300179609, 0.9699680263974306, 0.9671991075705106, 0.9641895614394711, 0.9609464514205532, 0.957478189148353, 0.9537873512213322, 0.9498773998209762, 0.9457530894577593, 0.9414193460602851, 0.9368809070053095, 0.9321421561489407, 0.9272118870551074, 0.9220894891323672, 0.9167836366260635, 0.9112958081620759, 0.9056345414858837, 0.8998025050549208, 0.8938075566586461, 0.8876539713287839, 0.8813448541043192, 0.8748868362248237, 0.8682818761794655, 0.8615406569943493, 0.8546647951387021, 0.8476586157817705, 0.8405303559908814, 0.8332814179710892, 0.8259177538107023, 0.8184482168849767, 0.8108725725177122, 0.8031978438107918, 0.7954332077493502, 0.7875756859740077, 0.7796350697213219, 0.7716150035840128, 0.763520997468869, 0.7553529779433346, 0.7471249683903869, 0.7388359972878602, 0.7304898341033157, 0.7220919563199564
0.66763275709621, 0.6818021389833797, 0.6957181488298874, 0.7093764556390338, 0.7227632000431923, 0.7358801522571623, 0.7487109931359095, 0.7612450590526576, 0.7735068525862099, 0.7854649386732104, 0.7971081416206145, 0.8084589743136439, 0.8194894905294765, 0.8302027155549956, 0.8405988628753063, 0.8506745376885858, 0.8604178384469661, 0.8698479875251435, 0.8789432182969419, 0.8877064747405674, 0.8961393114159888, 0.9042435228875112, 0.9120135398307836, 0.9193938720618702, 0.9265541203017902, 0.93332720657284, 0.939764310595776, 0.9458743879003846, 0.951656517815862, 0.9571137459943335, 0.9622410016708249, 0.9670480936052313, 0.9715008283554836, 0.9756926387649534, 0.979539062346741, 0.9830684703120438, 0.9862902682579984, 0.9892030283771005, 0.9918057225590955, 0.9941194805067424, 0.9961206013892392, 0.9978417919660982, 0.9992657459222469, 1.0004115493731431, 1.0012713820555943, 1.001851268270502, 1.002160081842919, 1.0022022058605087, 1.001965872336771, 1.0014885147233512, 1.0007449723801924, 0.9997531233028409, 0.9985236294498518, 0.9970487290413912, 0.9953355858834199, 0.9933762199292273, 0.9912166652228356, 0.9888153580426602, 0.9861908110830298, 0.9833598778383807, 0.980315384744773, 0.9770680068691986, 0.9736080580435873, 0.969935322886438, 0.9660970263409956, 0.9620409023265131, 0.957797208729434, 0.9533428361484573, 0.9487133157624568, 0.9438990558987284, 0.9388879221402844, 0.9336958633108408, 0.9283260952487593, 0.9227777425012489, 0.9170592882255226, 0.9111737124484405, 0.9051078930675471, 0.89890877016225, 0.892551914062536, 0.8860347294832627, 0.8793786927745542, 0.8725800625051212, 0.8656465466320027, 0.8585826118207001, 0.851395310955847, 0.8440858355589453, 0.8366575368968006, 0.8291150999552199, 0.8214790230543434, 0.8137357742805333, 0.8059012878146161, 0.7979807771938274, 0.7899730963400655, 0.7818833611701548, 0.7737213055822059, 0.7654883861181601, 0.7571891715392622, 0.7488242820371296, 0.7404013038424813, 0.7319249114325883
0.6817611231327829, 0.696505168479816, 0.7109992561078231, 0.7252308344688769, 0.7391984527723308, 0.7528854531587106, 0.7662903000706534, 0.7794058117455576, 0.7922253507756567, 0.8047386056568664, 0.8169346311035754, 0.8288327404851357, 0.8404012066428335, 0.8516425145554534, 0.8625598926869449, 0.8731428030547681, 0.8833876430415115, 0.8932927644639674, 0.9028542133278306, 0.9120725819661919, 0.9209504868627425, 0.9294741160619564, 0.9376468158572271, 0.9454693814585786, 0.9529461741324061, 0.9600699002231883, 0.9668389297035374, 0.9732600398287579, 0.9793247596668833, 0.9850393167445715, 0.9904129655793197, 0.9954363338064836, 1.0001124797266625, 1.0044442005208607, 1.0084339352107419, 1.012084996395532, 1.0153950171371475, 1.0183789493837265, 1.0210292361959814, 1.0233371825818365, 1.0253417622125367, 1.0270070811183087, 1.0283760346851905, 1.029409785858749, 1.0301411927762585, 1.0305820552302078, 1.0306934207223035, 1.0305595442577937, 1.030088550525046, 1.0293527690282813, 1.0283301659577786, 1.0270281510546466, 1.0254597926826916, 1.0236099213794345, 1.0215168248397886, 1.0191569238488993, 1.0165498858341335, 1.0136988978444874, 1.0106000677069344, 1.0072754470742664, 1.0037178566077385, 0.9999350342665521, 0.9959482484624429, 0.9917451483009669, 0.9873303293046858, 0.9827162623457069, 0.9779006377278234, 0.9729119533702386, 0.9677182917234104, 0.9623751522454951, 0.9568306943747116, 0.9511413320375253, 0.9452813918551426, 0.9392603289879728, 0.9330789510710984, 0.9267598733735722, 0.9202981235654333, 0.9136963769369073, 0.9069561802868362, 0.9000823432471448, 0.893071593361678, 0.8859482547099473, 0.8786936808612067, 0.8713621389125263, 0.863915491917278, 0.8563511040710265, 0.8486797307110789, 0.8409288082126265, 0.8330746236034754, 0.8251395078026844, 0.8171386203695432, 0.8090519157085394, 0.8008860442832271, 0.7926641519573634, 0.7843606122153828, 0.7760006418340977, 0.7675818505390621, 0.7591040790222179, 0.750570855851243, 0.7419904750366682
0.6928382301663936, 0.7080710050540935, 0.7230578475612264, 0.7377894234742941, 0.7522507471622442, 0.766449207699643, 0.7803580344870893, 0.793982771129401, 0.807307851078261, 0.820330435251214, 0.8330489300816639, 0.845440833712618, 0.8575105889971839, 0.8692468344062467, 0.8806439104473354, 0.891731974018966, 0.9024681215694264, 0.912862925904494, 0.9229125729634431, 0.9325849690207724, 0.9419211430394467, 0.9509248542863622, 0.959543961223349, 0.9678175628398646, 0.9757146966859187, 0.9832625131268129, 0.9904382266071599, 0.9972531594966076, 1.0036989750309422, 1.0097933028199675, 1.0154947221863102, 1.0208537269457336, 1.0258908870627534, 1.0305396419512034, 1.0348294524947717, 1.038747485044591, 1.0423424396750063, 1.0455789235950617, 1.0484589421775565, 1.0509968574684718, 1.0531882095181428, 1.055049340173123, 1.0565677840262806, 1.0577663792617455, 1.0586318442653235, 1.0591577680755817, 1.0593755614309215, 1.0592872654184289, 1.0588539611976016, 1.0581556127714888, 1.0571291071167819, 1.0558026576635582, 1.054215417927277, 1.0523041461724203, 1.0501397154424081, 1.0476936286565772, 1.0449768986703516, 1.0419882522682213, 1.0387243703674782, 1.0352398996188965, 1.0314881817362602, 1.027498649873574, 1.0232587595386873, 1.018812688216154, 1.0141259464857795, 1.0092537983486691, 1.004137526336815, 0.998828995869256, 0.993310029596226, 0.9875992450293891, 0.981692435206095, 0.9756119881581169, 0.9693695757656782, 0.9629621041827461, 0.9563743605596953, 0.949621905270841, 0.9427160089031927, 0.9357039607289535, 0.9285267899069352, 0.9212120672886455, 0.9137973116591835, 0.9062411019111449, 0.8985750598376212, 0.8907820212331385, 0.8829220910109923, 0.8749086666193646, 0.8668493060649167, 0.8586784296323513, 0.8504271653294095, 0.8421000049677785, 0.8336938446692512, 0.8252269500984708, 0.8166829970098588, 0.8080916285734316, 0.799433767104726, 0.7907167522048679, 0.7819482818512951, 0.7731304084648256, 0.764265289473296, 0.755352728623822
0.7016619153546939, 0.7173052812486835, 0.7327039763553111, 0.7478556040499642, 0.7627487706861453, 0.7773727961409138, 0.7917162322561806, 0.8057762311860577, 0.8195446966845479, 0.8329992955658989, 0.8461633581133325, 0.8589989422696194, 0.8715261541656085, 0.8837186205582741, 0.8955661914308335, 0.9070787905539026, 0.9182535754356449, 0.9290966794214048, 0.9395886966943356, 0.9497131396040279, 0.9594963566048227, 0.9689079912000755, 0.9779703070738561, 0.9866498980035621, 0.9949743271953677, 1.0029202342702765, 1.0104944487110812, 1.0177118864543244, 1.0245686240872187, 1.0310253922694725, 1.0371174087919028, 1.0428622110073844, 1.0482046360352824, 1.0532030430616315, 1.0578342650433639, 1.0620871700542294, 1.0659989048747063, 1.0695553969411433, 1.0727036790752633, 1.0755572562384286, 1.0780102824278286, 1.0801359169866727, 1.081897138117884, 1.0833181772095086, 1.0843874277104488, 1.0851786732609368, 1.0855486051622973, 1.0856251315266503, 1.0853894228475367, 1.0847761372715636, 1.0839384155239626, 1.0827126630802395, 1.0812182042429965, 1.079439741447767, 1.0772759916737042, 1.0749255182701019, 1.0722326058932508, 1.0692637938091663, 1.0660441088509485, 1.0625190742148858, 1.058761157743933, 1.0547296195060083, 1.050497071545439, 1.0459567863654824, 1.0411774679212114, 1.0361758041687166, 1.030940912224426, 1.0255159239551572, 1.0198531895794174, 1.0140017136528199, 1.0079646050353146, 1.001714589563643, 0.9952397899372896, 0.9886485742997762, 0.9818276628604989, 0.9748207143226635, 0.9677011802985858, 0.9603926028756247, 0.9529973004011039, 0.9453821922238062, 0.9376770674722463, 0.9297748102827823, 0.9217967692565834, 0.9137119112564092, 0.9054758772811153, 0.8971558784727334, 0.8887194850018316, 0.8801904889590473, 0.8715717855533098, 0.8628691184270236, 0.8540704346827352, 0.8452188081740344, 0.8362731318395928, 0.8272725986564025, 0.8182353223795813, 0.8091161443291837, 0.7999791340423199, 0.7907879709548764, 0.7815549057364306, 0.7722848629667736
0.7088052647227352, 0.7247962553083767, 0.7405516789846658, 0.7560614537344401, 0.7713109403551508, 0.7863025333113614, 0.8010175546190572, 0.8154479914975523, 0.8295764285139535, 0.8434277817859366, 0.8569681160315801, 0.87019402255605, 0.8830956602281477, 0.8956835578844311, 0.9079403987361294, 0.9198594484118372, 0.9314349852820127, 0.9426507655783416, 0.9535258255031129, 0.9640775064924183, 0.9742456742747434, 0.9840395858067188, 0.9934708267460044, 1.0025216718284495, 1.0112311777036629, 1.0195878375203753, 1.0275181914430709, 1.0351043147142915, 1.0423218813883173, 1.0491335110955573, 1.055632865172707, 1.0616725235052895, 1.067417172330809, 1.0727290800688776, 1.0776453722779022, 1.0822407834954673, 1.0865187250680064, 1.0903395625312369, 1.0938040022860802, 1.0969232394058706, 1.0996898418320624, 1.102014556649027, 1.1041114057744918, 1.1058714969065049, 1.1071505519256446, 1.1081196622636282, 1.1087626777560358, 1.109113221332879, 1.109056362215962, 1.1086609847399442, 1.1079917518406743, 1.106927669243663, 1.1056596505201197, 1.1039889036671537, 1.1020421559785616, 1.0997248656701002, 1.0972342439100684, 1.094385586273165, 1.0911940213679499, 1.0877997567606625, 1.0841323211241116, 1.0801234573149001, 1.0758154629238517, 1.071420694009471, 1.0666165484555945, 1.0616577427581957, 1.0564615116182123, 1.050921669739604, 1.0453329606104758, 1.0393486986268412, 1.0333071537077698, 1.0269813399606873, 1.0204310784050348, 1.013711100504227, 1.0067913434058111, 0.9997435863247643, 0.9924347175356116, 0.9850233839388194, 0.9774209514617764, 0.9695608654675878, 0.9617949640695427, 0.9537169774465424, 0.9455715937124536, 0.9372648220147424, 0.9288201506114033, 0.9202815241856852, 0.911618660773196, 0.9028500882636008, 0.8939833511026292, 0.8850221887141059, 0.8759745877486464, 0.8668414933090913, 0.8576280421592086, 0.8483548050285235, 0.8390156945698193, 0.8296125320580812, 0.8201535512851477, 0.8106478391394871, 0.8011028636802093, 0.7915131754738267
0.7146954998946518, 0.73097656919394, 0.7470294965975119, 0.7628393117737406, 0.7784000359309777, 0.7937050916384161, 0.8087295955532037, 0.8234933704648819, 0.8379541281140019, 0.8521283187966349, 0.865995131027824, 0.879559372779922, 0.8928052319407511, 0.905734194497037, 0.9183373226085232, 0.9306027739485652, 0.9425060067462239, 0.9540919437199475, 0.9653191664143348, 0.9761858430703318, 0.9866887325472744, 0.9968574929249412, 1.0066500345055038, 1.0160718541676053, 1.0251151193759034, 1.0337807356413142, 1.042102285128304, 1.0500028778817763, 1.0575374297604858, 1.064729952535493, 1.071504358452951, 1.0779215941571847, 1.0839365624387645, 1.089583804906467, 1.094872934068948, 1.0997674329526985, 1.1043075150481796, 1.1084510552281897, 1.1122080818093023, 1.1156106875253924, 1.1186587680533604, 1.1212988053905901, 1.1236290644211122, 1.1256112044292363, 1.1271914782584984, 1.1284565856777489, 1.129330355032546, 1.1298586880642132, 1.1300861033085736, 1.12992799739808, 1.1294565548546798, 1.1286326921625927, 1.1275185814188076, 1.126018486606287, 1.1242392532592858, 1.1221452338570428, 1.1197307478170755, 1.1170022688988608, 1.1139583583563804, 1.1107187026325063, 1.1071010357540372, 1.1032615408591608, 1.09912038437741, 1.0946965104757096, 1.0900261648479583, 1.0850965132493426, 1.0799166353852838, 1.074489957140723, 1.0688207292185963, 1.0629338716202055, 1.056801579348746, 1.050462677911912, 1.043938566216215, 1.0371913718637016, 1.0302456934519197, 1.0231088341311958, 1.0157853844315055, 1.0082832771469965, 1.0006191069057833, 0.9927833657118965, 0.9847944952354792, 0.976643316334278, 0.9683565013933757, 0.9599241969979344, 0.9513616414909292, 0.9426776562934931, 0.9338682919667702, 0.9249491979729454, 0.9159180061822694, 0.9067872194590434, 0.8975596038600981, 0.8882467185494773, 0.878845560731949, 0.8693668747504288, 0.8598172446458774, 0.8502054885552424, 0.8405312149748054, 0.8307955334271808, 0.8210207529817621, 0.8111865458479484
0.7195974440815123, 0.7361317008319315, 0.7524348587125438, 0.7685099722225042, 0.7843424840780795, 0.7999133958783249, 0.81522462726124, 0.8302552156178882, 0.8450105173039555, 0.8594711108185544, 0.8736335391351266, 0.8874891372550353, 0.9010225786990409, 0.9142423019834522, 0.9271530060760638, 0.9397044059782091, 0.9519259793239021, 0.9638118682845738, 0.9753358039209461, 0.9865371432437646, 0.9973538815546155, 1.0078165062757192, 1.01791388017251, 1.0276450253622569, 1.0370153334142236, 1.045993136448156, 1.054611174161276, 1.062826664624338, 1.070691257711501, 1.0781639871477102, 1.0852809221223927, 1.091947415535702, 1.0983095729610808, 1.104255383229499, 1.109822648179093, 1.1149919949562905, 1.1198115489588316, 1.124239354745689, 1.1283075905376618, 1.1319606104538265, 1.1352825328020542, 1.1382062044957975, 1.1407730343822093, 1.1429782353065816, 1.1448479086629346, 1.1462789734982506, 1.1474615147891738, 1.1481982604156995, 1.1486505516986183, 1.148693815444811, 1.1484674347048225, 1.1478601200313916, 1.146920543993363, 1.1456474752878618, 1.1440464879198613, 1.1421175120424065, 1.1398765098091657, 1.1373195685673307, 1.134455237323297, 1.1312899108372703, 1.127836200763059, 1.124091044069476, 1.1200624517134754, 1.1157552883235367, 1.1111566518455644, 1.1063352905220567, 1.101229585608901, 1.0958764469019995, 1.090274026806905, 1.084428660723968, 1.078351782417296, 1.072053780773028, 1.0655378021276247, 1.0587994635697724, 1.0518604037473507, 1.0447188754026397, 1.037387495044956, 1.0298681474815252, 1.022166159851511, 1.0142985441792716, 1.0062605000033527, 0.9980558430338418, 0.9897105567131801, 0.981209291839316, 0.9725421064565465, 0.9637989755773857, 0.9548950781278718, 0.9458754539237573, 0.9367338267746232, 0.9274890229824164, 0.9181461121996675, 0.9086972283494985, 0.8991661895982004, 0.8895424777269865, 0.879848737604358, 0.8700755210812003, 0.8602399863360928, 0.8503415931553446, 0.840386536402657, 0.8303821000485554
0.7237266197722514, 0.7404823541112586, 0.757009891917666, 0.7733161134100035, 0.7893769993728235, 0.8051819531660538, 0.8207301434176868, 0.836010218843243, 0.8510079047616435, 0.8657225724999877, 0.8801422574401228, 0.8942550187387672, 0.9080600981824842, 0.9215388260304715, 0.9347111555887286, 0.9475300244138571, 0.960023642080535, 0.9721794417249052, 0.9839877941424389, 0.9954392917462416, 1.0065363739936855, 1.0172875247472914, 1.0276525301029507, 1.0376576849662937, 1.0473171222946425, 1.0565731551214688, 1.0654741228324047, 1.0739894151815497, 1.0821322324914702, 1.0898870173907644, 1.0972540593502407, 1.1042520405640905, 1.110854458526222, 1.1170571456784186, 1.1229145402713874, 1.1283499727143917, 1.133424296207191, 1.13810790954508, 1.1424251261831122, 1.1463549547733178, 1.149911711853906, 1.153095629589056, 1.1559007816485005, 1.158329759454733, 1.1604141806310038, 1.1621309007228673, 1.1634804384533153, 1.1644722829053817, 1.1651092564206307, 1.1654048570666005, 1.1653455996460194, 1.1649449761793234, 1.1642050373396158, 1.1631271258381117, 1.1617083555355263, 1.1599733473135911, 1.1579019775205195, 1.1555181302066329, 1.1528170647660216, 1.1498105979329152, 1.1464918009843243, 1.1428804390720684, 1.1389864017946634, 1.1347985082174388, 1.1303333729082707, 1.1255973664732961, 1.1205938104972928, 1.1153269562790866, 1.1098074658103938, 1.1040410674805754, 1.0980325451612982, 1.0917871143691995, 1.085313405590628, 1.078616907882302, 1.0717120662136805, 1.0645889861718087, 1.0572775034686641, 1.0497704895388749, 1.0420711924207238, 1.0341912309784602, 1.026137903977964, 1.0179200328580889, 1.0095387874015627, 1.0010048651646413, 0.9923185613017322, 0.983495732546845, 0.974534889002892, 0.9654545671623493, 0.9562478225183595, 0.9469189046445861, 0.9374906427734855, 0.9279482095224791, 0.9183235386799238, 0.9085994054402589, 0.8987904637982878, 0.8889025011991647, 0.8789392562007832, 0.8689205050808679, 0.858827922864374, 0.848690865914949
0.7272216610479187, 0.7441634220646076, 0.7609013372436806, 0.777402144566258, 0.7936644597336535, 0.8096830830699222, 0.8254481052145071, 0.8409423909963776, 0.8561616297341894, 0.8710960537010264, 0.8857371697048455, 0.9000764732422128, 0.9141086491775878, 0.9278329239697625, 0.9412357003321352, 0.9542984297151422, 0.967027737367828, 0.9794109247865341, 0.9914822146421409, 1.003176997834335, 1.014530602080387, 1.0254933677612135, 1.0361560612827452, 1.0464118137512406, 1.0563081338202052, 1.065814204170617, 1.0749493544119053, 1.0837272680300343, 1.0921106715926348, 1.100120221602345, 1.1077470235335047, 1.114993194931567, 1.1218504020706908, 1.1283274555943654, 1.1344166138416147, 1.1401150088736705, 1.145430127136076, 1.1503553722136948, 1.1549027887041055, 1.159063923598043, 1.1628458861163748, 1.1662583986775585, 1.1692943487927634, 1.1719556050824762, 1.174247434360967, 1.176174324518274, 1.1777318599184339, 1.1789357732247963, 1.1797828180906746, 1.1802730378759732, 1.180415537293416, 1.1802059688594708, 1.1796634991980381, 1.1787754202330332, 1.177545011584992, 1.1759897373276003, 1.1741059418931057, 1.1718877975866588, 1.1693570629278467, 1.166507915338701, 1.1633467778174191, 1.1598793441801218, 1.1561209994110895, 1.1520606236803372, 1.147719976401386, 1.1430974213083145, 1.1382008507335355, 1.1330398775733341, 1.1276184393096456, 1.1219317609759427, 1.116010028450293, 1.109838662532435, 1.103427444963816, 1.096790766520935, 1.0899314911453954, 1.0828593421349053, 1.0755805614320364, 1.0681014472878259, 1.060422138206401, 1.0525580491453495, 1.0445075181710335, 1.0362939254690486, 1.0279043363849167, 1.0193630623040546, 1.0106605796801587, 1.0018121325040168, 0.9928182618830261, 0.9836888696027897, 0.9744402634859552, 0.9650659856817922, 0.9555747188831942, 0.9459796250366876, 0.9362741189808146, 0.9264755492772805, 0.9165887043509526, 0.9066157350856896, 0.8965613237127981, 0.8864441843557556, 0.8762521485880539, 0.866002980665594
0.7302067070204599, 0.7473276023370845, 0.764229380085423, 0.7809126753035898, 0.7973586628282376, 0.8135628240013686, 0.8295147240467067, 0.8451995970229298, 0.8606144741161588, 0.8757526019567257, 0.8905965240903493, 0.9051433602750629, 0.91938447898906, 0.9333148738100752, 0.946914826393324, 0.9601977195863993, 0.9731661310321718, 0.985767070337574, 0.9980422104859761, 1.0099632289225395, 1.0215331360966777, 1.0327391415305032, 1.043587613333881, 1.0540774667122141, 1.0641906483715955, 1.0739434994620742, 1.083305266662058, 1.0922989308285755, 1.100918340655105, 1.1091510951140036, 1.1170004750865372, 1.1244682463545947, 1.1315542781132164, 1.1382523973247123, 1.1445704611487484, 1.150498730711063, 1.1560500804981215, 1.1612106372086144, 1.165983861343686, 1.1703741413179598, 1.174379980726573, 1.177999574268461, 1.181247222907305, 1.184114543518123, 1.1866146308784193, 1.188741515566039, 1.190500457634566, 1.1918953442590547, 1.192938411043893, 1.1936184099348237, 1.1939425407278703, 1.1939188821202604, 1.1935562039003171, 1.192846117732759, 1.191802358064396, 1.1904166223825454, 1.1887084631706655, 1.186663255112907, 1.1842530824494046, 1.1816143057665753, 1.17860976725414, 1.1752955718322893, 1.1716771208612782, 1.167759975432939, 1.1635498268703186, 1.1590471181812445, 1.1542720687819097, 1.1492155658025807, 1.1438894922538578, 1.1383164267196575, 1.1324752580349466, 1.126392829656278, 1.1200598569657343, 1.1134997735865353, 1.106704047229658, 1.0996872016326433, 1.0924564457958068, 1.0850163943565745, 1.0773748111762087, 1.0695446156349702, 1.061521695273849, 1.0533180611547577, 1.0449418635883445, 1.0363970506029814, 1.0276913460991564, 1.0188336446816093, 1.0098332071067757, 1.0006813810649318, 0.9914098840795331, 0.9820033700059936, 0.9724715733407931, 0.9628322881444005, 0.9530765107390833, 0.9432267175436477, 0.9332780522558393, 0.9232405216578554, 0.9131243509553526, 0.902914520819361, 0.892657460191006, 0.8823173562839584
0.732751795495548, 0.7500253168356092, 0.7670851410472688, 0.7839272605172685, 0.8005430229233994, 0.8169106166537814, 0.8330321196031898, 0.8488891735853823, 0.8644844484064702, 0.8797923003327073, 0.8948181348131188, 0.9095506034456351, 0.9239868207533304, 0.938098901079111, 0.9519025858062369, 0.9653761199404967, 0.978527827996996, 0.9913382524529686, 1.0038021600458533, 1.0159287285434404, 1.027700238047431, 1.039117378194864, 1.0501532314803113, 1.0608539240405959, 1.0711767232355127, 1.0811260666845817, 1.0906999437894056, 1.0998978581903307, 1.108720861987865, 1.1171582493610819, 1.1252167811770049, 1.1328919640554806, 1.140174666357523, 1.1470935242196516, 1.1536155223066826, 1.1597480313737547, 1.165501543178368, 1.1708680244867464, 1.1758520637812984, 1.180451733209039, 1.1846696644439865, 1.1885060255140294, 1.1919614398061347, 1.1950304066494217, 1.1977127461333295, 1.2000414042763365, 1.2019875756830514, 1.2035671381028505, 1.2047916773602934, 1.205651948780516, 1.2061505326908515, 1.2063059771398796, 1.2061109469515356, 1.2055680707039, 1.2046854235348006, 1.2034679611564583, 1.2019255848295556, 1.2000504634852502, 1.1978472894454582, 1.1953177796275751, 1.1924750707301142, 1.1893124913210924, 1.1858439768193163, 1.182069290711783, 1.1779948388465042, 1.173626535381426, 1.1689707350343026, 1.1640317774906377, 1.1588227733505674, 1.1533467448577808, 1.1476092967505052, 1.141615200144133, 1.1353708129886, 1.1288932089365842, 1.1221716421719163, 1.1152147954491936, 1.1080524722841103, 1.1006685090381607, 1.0930761153314235, 1.085285155899963, 1.0772976070963436, 1.0691216921865587, 1.060768898988509, 1.0522411131718412, 1.0435424215485396, 1.0346958597108609, 1.0256911370167527, 1.0165376269872821, 1.0072463960532856, 0.9978160931625366, 0.98826175075894, 0.9786035122611905, 0.9688207529105695, 0.958925902033779, 0.9489371697226217, 0.9388425516511445, 0.9286719227072124, 0.9184197446096318, 0.9080753348388866, 0.897683238476918
0.7349386681118579, 0.7523355793330371, 0.7695401825244499, 0.7865279355240693, 0.8032853677315188, 0.8198092846100211, 0.8360829835283141, 0.852098085998195, 0.8678506487366562, 0.8833230839151911, 0.8985162485031752, 0.9134116975171187, 0.9280030136536004, 0.9422997835513884, 0.9562763319529024, 0.9699298391198541, 0.9832554562805766, 0.9962446318702964, 1.0088977527927598, 1.0211972869309092, 1.033149784399325, 1.044745627760233, 1.0559905979309674, 1.0668633144393445, 1.0773663496549348, 1.0875056142350514, 1.0972718174537013, 1.1066608470124022, 1.1156745426940295, 1.1243060881128235, 1.132552613248822, 1.1404176910092891, 1.1478956076542302, 1.154997307545588, 1.1617076346419735, 1.1680330486233244, 1.1739749999920042, 1.179529678743612, 1.1847029968191043, 1.1894856173979624, 1.1938928192848506, 1.1979196303611515, 1.2015561157711714, 1.2048309224802969, 1.2077154087823692, 1.2102280883168737, 1.2123612530793393, 1.214128588583118, 1.2155211964463417, 1.2165502406340876, 1.2172194931759135, 1.2175300066097519, 1.2175059211189092, 1.2171198555128369, 1.2164010526436355, 1.2153373230835554, 1.2139427428515033, 1.2122188165569083, 1.2101704813505263, 1.207796667202497, 1.205102042890192, 1.2020957946676303, 1.198770694948034, 1.1951427759871036, 1.191209050703658, 1.1869735763584712, 1.1824466467388346, 1.1776380813150693, 1.1725462329561678, 1.1671786527817458, 1.1615423298013026, 1.1556458452683769, 1.1494970580446333, 1.1431039951835826, 1.136466152875168, 1.1295943712139858, 1.1224955485000363, 1.1151758301680017, 1.107640512121253, 1.0998951550774931, 1.09195447832857, 1.083815058098149, 1.0754945796986162, 1.0669945031107586, 1.05832202843344, 1.0494842416008678, 1.0404874575288359, 1.0313363144191667, 1.0220459528371846, 1.0126166189579306, 1.0030514464696507, 0.9933671397668986, 0.983558793968494, 0.9736422765955153, 0.9636175394247486, 0.9534926853530434, 0.9432780069103854, 0.9329768359957127, 0.9225941142912459, 0.9121321147942494
0.7368006382548229, 0.7543264780644829, 0.771651016556997, 0.7887624390332979, 0.805653762819226, 0.8223131014221607, 0.8387261557051735, 0.8548856197721584, 0.8707822543100825, 0.8863989953077409, 0.9017416792108444, 0.9167923612940525, 0.9315440823438523, 0.9459909238932012, 0.9601254135802657, 0.9739400428419112, 0.9874277140534788, 1.0005815433223146, 1.0133991963374376, 1.0258710869825203, 1.0379895633677192, 1.049759735203991, 1.0611703380562245, 1.0722208087402754, 1.082900916691666, 1.093212686014053, 1.1031472013996995, 1.1127084117350412, 1.1219002137578356, 1.130701813261239, 1.1391293852816693, 1.1471717414276617, 1.154828911199675, 1.1621003262749232, 1.1689888000597533, 1.1754870450352284, 1.1816047677944637, 1.1873289250765913, 1.1926770567525358, 1.1976355791689732, 1.2022135110203633, 1.2064109271697587, 1.2102224790801328, 1.2136554979207395, 1.2167215679739902, 1.2194065140584156, 1.2217181581488665, 1.2236614949503375, 1.2252357872556088, 1.2264381141623941, 1.2272756968063403, 1.2277559079314413, 1.2278740481518993, 1.227646606805524, 1.2270722381834132, 1.2261576783218358, 1.2249082967964595, 1.2233263733908641, 1.2214182920702, 1.2191851957198478, 1.2166404894153358, 1.2137765059215253, 1.2105926439166508, 1.207102339437486, 1.2033093512424768, 1.1992108094957485, 1.194816935205007, 1.1901295967600474, 1.1851582903522297, 1.1799082166755737, 1.174383170645977, 1.1685939562933312, 1.1625422375959387, 1.1562362600539755, 1.1496900744510041, 1.1428967794697114, 1.1358759802562117, 1.1286184906808954, 1.1211518099283095, 1.113468699486769, 1.105574886785159, 1.0974822283701782, 1.0891984404824298, 1.080730739836862, 1.0720868248830255, 1.063270437986584, 1.0542875254052388, 1.0451493499974616, 1.0358629120299936, 1.0264345744438073, 1.0168674102044006, 1.007169345902791, 0.9973461887320338, 0.9874156842331088, 0.9773699809355589, 0.9672187758834268, 0.9569734211175485, 0.9466345352821888, 0.9362125798429259, 0.925706577854359
0.7383916700441437, 0.7560270423328275, 0.773464618827477, 0.7906927177080574, 0.8076999875999435, 0.8244770339347012, 0.8410142450393359, 0.8573014347225616, 0.8733305617403051, 0.8890859855674833, 0.9045656550529992, 0.9197527771113334, 0.934643786963206, 0.949230878007822, 0.9635146249006317, 0.9774754488318704, 0.9911127574059444, 1.0044206063359438, 1.0173824903287398, 1.0300157134744063, 1.0422911595683795, 1.054219974892928, 1.0657875897136533, 1.0769946552915863, 1.0878356346778828, 1.0983076170661805, 1.1084083274857273, 1.1181328394195367, 1.1274789795089033, 1.1364490916611727, 1.1450352299182844, 1.1532377311543582, 1.1610594351640193, 1.1684952066329748, 1.1755453978745214, 1.1822100891191765, 1.1884851727922578, 1.1943782792233533, 1.1998843999347342, 1.2050035931198968, 1.2097403429855573, 1.2140957231358618, 1.2180703264161385, 1.2216622943028765, 1.2248795770740513, 1.227718108122402, 1.2301890653865355, 1.232285501342445, 1.2340183276845016, 1.2353819979102019, 1.2363867311932308, 1.2370289400391483, 1.2373061673049746, 1.2372391900808593, 1.236812873786337, 1.2360352973136441, 1.2349276228922248, 1.233480368092276, 1.2317052631798147, 1.2296015478124103, 1.2271842146045655, 1.22444614968376, 1.2214048901687589, 1.2180505282279581, 1.2143861433354344, 1.2104199866984144, 1.20614803907588, 1.2015902766424942, 1.1967431605328214, 1.1916090452934212, 1.1861932307719014, 1.1805102840892259, 1.1745625260650696, 1.1683587329764675, 1.1618930305883621, 1.155193836504199, 1.1482451882544664, 1.1410697484268253, 1.133664755197752, 1.1260494924188604, 1.118214824958268, 1.1101785111590798, 1.1019436942867271, 1.0935105421600282, 1.0849033564687884, 1.0761136440462264, 1.067156784257743, 1.0580368860870832, 1.0487607213744736, 1.0393272010952925, 1.0297743813075, 1.020077882884027, 1.0102541201384936, 1.0003065943043579, 0.9902496957220519, 0.9800778443776705, 0.9698078443764073, 0.959443245638421, 0.9489870906268036, 0.9384513533949201
0.7397362707260431, 0.7574726432389971, 0.7750113583209703, 0.7923455991880068, 0.8094621509866897, 0.8263505430021265, 0.8430004760645557, 0.8594018331768547, 0.8755437107616606, 0.891425282520597, 0.9070252682193107, 0.9223448702772084, 0.9373665592859508, 0.952093170438153, 0.966504276564506, 0.9806012485378401, 0.9943708650514145, 1.007816649816351, 1.0209294053761413, 1.0336963904747138, 1.0461192551902512, 1.0581898697436456, 1.0699065496214386, 1.081261125676602, 1.0922459660019248, 1.102870781408746, 1.1131166659815586, 1.1229979990575059, 1.132494270944103, 1.14161488131679, 1.1503535224242034, 1.1587048760216296, 1.1666787052604795, 1.1742661708662352, 1.1814635015184853, 1.188282628668957, 1.1947106967273404, 1.2007528663806388, 1.2064090038898732, 1.2116810503655548, 1.2165671192492473, 1.221069171941358, 1.2251909799883753, 1.2289306669069289, 1.2322909086069336, 1.2352745541807009, 1.2378893953372119, 1.240129443830134, 1.2420025758799325, 1.2435076907301434, 1.2446500495999109, 1.2454354663858807, 1.2458633761032472, 1.2459375323371686, 1.2456628886205037, 1.245035558336009, 1.2440664142554239, 1.2427503672540565, 1.2411081220730535, 1.2391325249166085, 1.2368366779494862, 1.2342229380656873, 1.2312913035143493, 1.2280619294030215, 1.2245264647385694, 1.220685147961663, 1.2165439890164107, 1.212104001225522, 1.2073746912302665, 1.2023576077659, 1.1970560341290435, 1.1914809870434722, 1.1856357201494374, 1.1795321404928627, 1.1731647847899422, 1.1665539614820046, 1.1596954947399523, 1.1525989233213876, 1.1452698850533833, 1.1377163469868092, 1.1299508208407003, 1.121971543269015, 1.113789511500765, 1.105407727718922, 1.096837831032178, 1.0880873991486792, 1.0791549219524894, 1.0700681013923896, 1.0608119301388497, 1.0514009053996416, 1.041847790168286, 1.0321567908539562, 1.022334801313181, 1.0123817588031327, 1.002313671236588, 0.9921348934079175, 0.981847461864791, 0.9714644065148148, 0.9609907678038523, 0.9504268280595083
0.7408630405499865, 0.7586909572555092, 0.7763244294269045, 0.7937534911740709, 0.8109710299267796, 0.8279605647492243, 0.844713570032364, 0.8612216481842658, 0.8774727117073855, 0.8934589673657793, 0.9091723881814433, 0.9246099080252241, 0.9397537768615729, 0.9545961046476199, 0.9691341617791851, 0.983354152801609, 0.9972535756301371, 1.0108285454768486, 1.0240691143648553, 1.036963928859456, 1.0495207686394066, 1.0617279230201957, 1.0735753603734137, 1.0850666852447821, 1.0961935421997078, 1.1069587606413487, 1.117349426913953, 1.1273604065414036, 1.1370033311338803, 1.146264739672243, 1.155144033700327, 1.1636390513743384, 1.1717507182613103, 1.1794752332752116, 1.1868201292147047, 1.1937755058459905, 1.2003437198856686, 1.2065258276159154, 1.2123213196037268, 1.2177296797317956, 1.2227554853915334, 1.2273975213781787, 1.2316550130433113, 1.2355279786490376, 1.2390282407428108, 1.242151665467861, 1.244894281932047, 1.2472688679406465, 1.2492713783522502, 1.2509081963091537, 1.2521799545323757, 1.2530907790531023, 1.2536473201507219, 1.2538484127718368, 1.2536994758133941, 1.25320041082509, 1.2523712315412139, 1.2511956870337455, 1.2496827703024023, 1.2478351253357642, 1.2456566902982145, 1.2431638222244343, 1.2403515242146268, 1.237232209273766, 1.2338050015336135, 1.2300824496113618, 1.2260600311021461, 1.221742021004327, 1.2171273860234377, 1.2122265700003494, 1.207039878480816, 1.201572555683465, 1.1958295077532695, 1.1898296763379816, 1.1835643960505235, 1.1770467764574901, 1.170276234099485, 1.1632645514900544, 1.1560188852256514, 1.148539600749987, 1.1408470775816637, 1.1329302285976182, 1.1248089728770436, 1.1164841246515023, 1.1079664666326492, 1.0992595787704103, 1.090368291075701, 1.0813092046180541, 1.0720816885221707, 1.0626943982539485, 1.0531580359118449, 1.0434783902773033, 1.033658222501212, 1.0237133583331568, 1.013635357727817, 1.003458126342177, 0.9931642787074138, 0.9827672983880289, 0.9722726031274176, 0.9616870861746305
0.741794195342341, 0.7597062066476248, 0.7774238339772506, 0.7949437414921663, 0.81224893761161, 0.8293304955708933, 0.846179527115793, 0.8627846482941859, 0.8791370140101318, 0.8952245630759403, 0.9110408926034923, 0.9265798825093485, 0.941828721364355, 0.9567814217588735, 0.9714348936978423, 0.985768639683477, 0.9997901756759484, 1.0134828378072287, 1.0268407129514427, 1.0398661909204838, 1.0525450383233634, 1.0648756692568702, 1.0768477188764356, 1.0884648096594658, 1.0997247352738713, 1.1106109709177625, 1.121131378160933, 1.1312768204269892, 1.1410503102921092, 1.1504399125118914, 1.1594533594911836, 1.1680816821097393, 1.1763273314597766, 1.184182949839811, 1.191657048836226, 1.198742408259732, 1.205441991833033, 1.2117530542419521, 1.2176808393528296, 1.2232207988847312, 1.228373283737521, 1.2331447148267811, 1.2375287639871884, 1.2415316725368433, 1.2451570298715309, 1.2484033499534766, 1.2512737784466443, 1.2537725032472968, 1.2558949741439909, 1.2576541961909973, 1.2590479852613496, 1.2600774057092599, 1.2607511149150623, 1.2610690710040222, 1.2610351526153591, 1.260655552231209, 1.2599376562388356, 1.2588760846137843, 1.257484455742552, 1.2557576864185007, 1.25370697656341, 1.2513290410867723, 1.248633614490589, 1.2456244329596613, 1.2423084737244663, 1.238689233173477, 1.2347761750894533, 1.2305729469599411, 1.2260739969594452, 1.2212873680509118, 1.21620741704925, 1.210855322174285, 1.2052197244195382, 1.19931734765927, 1.193156006422174, 1.1867342117005277, 1.1800548169863019, 1.173138009140298, 1.1659742435741505, 1.1585840584203053, 1.1509593076891802, 1.1431196934866774, 1.1350649062650318, 1.1268000408569376, 1.1183353194779881, 1.109681592100773, 1.1008433833563798, 1.0918205549538227, 1.0826265934925088, 1.0732745201572653, 1.0637615812106374, 1.0541000124682993, 1.0442972084795228, 1.0343541655305186, 1.0242935608359884, 1.0141054226024648, 1.0038099360700796, 0.9934060872016088, 0.9829007123814391, 0.9723047568872785
0.7425473571860115, 0.7605345376206563, 0.7783333788265656, 0.7959312850069811, 0.8133192603122641, 0.8304870302512306, 0.8474227643655201, 0.864117309315831, 0.8805596769473656, 0.8967429542979177, 0.9126555795403215, 0.9282873304128207, 0.943638247149619, 0.9586920820790512, 0.9734440107087385, 0.9878883539707823, 1.0020143302352684, 1.0158167823583932, 1.0292902726836788, 1.0424235769599486, 1.055217351828042, 1.0676646540849921, 1.0797570407180812, 1.0914898944020797, 1.1028700410413554, 1.1138767973628871, 1.1245203366262944, 1.1347901129696263, 1.144684242105833, 1.154197470172444, 1.163331536645658, 1.1720845073995134, 1.1804528644612793, 1.1884353674068988, 1.1960267380819465, 1.2032367439629352, 1.2100598363539303, 1.2164891526414747, 1.222540940054155, 1.2282014790307967, 1.2334761873257731, 1.2383639682156184, 1.2428720595413472, 1.2469931597489383, 1.2507369511807012, 1.2541010415033673, 1.2570851581833997, 1.2597012067896776, 1.2619413801256973, 1.2638115907338507, 1.2653148487704717, 1.2664591983433544, 1.2672423697967892, 1.267670066034074, 1.2677450191006399, 1.2674749956218099, 1.2668592606913824, 1.2659052951023027, 1.2646135457630292, 1.2629955945030558, 1.2610475670443533, 1.2587804363900146, 1.256195044999056, 1.2532950032540198, 1.2500888573091542, 1.2465772843132212, 1.242769253961991, 1.238667895890127, 1.2342739536896756, 1.2296018029120743, 1.2246332708122223, 1.2193924959658302, 1.2138655197198487, 1.2080693172441768, 1.2020064565719535, 1.1956802491867888, 1.1891019020883062, 1.1822723922901188, 1.1751989495433106, 1.1678923164163164, 1.160352040331058, 1.1525882328008548, 1.1446029668730047, 1.1364109883689393, 1.1280096268366675, 1.1194138167867278, 1.110628135453477, 1.1016544752215394, 1.0925086369456265, 1.0831910009903423, 1.073712296314734, 1.064075316117818, 1.0542951434527152, 1.044370793822135, 1.0343195728986485, 1.0241369406213208, 1.0138449615726328, 1.0034377909822778, 0.9929258745754295, 0.9823210326946166
0.743134713279523, 0.7611931761066701, 0.7790630774803251, 0.7967369561408972, 0.814201393868025, 0.8314455149259077, 0.8484607808438778, 0.8652370286855611, 0.8817656949762434, 0.8980345070705473, 0.9140350530222685, 0.9297597047471706, 0.9451962983926281, 0.9603465411928598, 0.975192568695042, 0.9897308293080878, 1.003954804955879, 1.0178590241247738, 1.0314330984742215, 1.0446754362826125, 1.0575746701909674, 1.0701294712232547, 1.082332295278321, 1.0941786080597007, 1.1056650152033631, 1.1167878247114418, 1.127541074782143, 1.1379212325578836, 1.1479296583513525, 1.1575614365117515, 1.1668144988417657, 1.1756815826871305, 1.184164724192196, 1.1922651456675046, 1.1999775544834845, 1.2073014076567032, 1.2142374947033323, 1.220783268508998, 1.2269468692925356, 1.2327206082813573, 1.2381054706157704, 1.2431088113682014, 1.2477249299006834, 1.2519622639885801, 1.2558150263607315, 1.2592896137746328, 1.2623861516615902, 1.2651068389373874, 1.267456662486743, 1.2694349322943408, 1.2710475026817774, 1.2722953084610884, 1.2731802139979207, 1.2737133916851269, 1.2738908695209785, 1.273716586786711, 1.2732016138689728, 1.2723448424048192, 1.2711519754149831, 1.2696282443129077, 1.2677783184883777, 1.2656032860811974, 1.2631127555780308, 1.2603142489357593, 1.257205271866499, 1.2537928116090056, 1.2500868622856158, 1.2460848916000442, 1.241792624021694, 1.2372191944059265, 1.2323639875454715, 1.2272238262045603, 1.2218104581091138, 1.216118686155748, 1.2101614881871283, 1.2039361699644173, 1.1974552602576578, 1.1907226901733976, 1.1837411014883754, 1.1765196830872666, 1.1690636902139913, 1.1613823986717078, 1.1534780562422524, 1.14535762224786, 1.137029142775705, 1.1284982321491155, 1.119770580324821, 1.1108546062470266, 1.1017565970601835, 1.092485695152301, 1.0830489253179065, 1.0734490158045018, 1.0636980033108356, 1.053799002882836, 1.043763624351338, 1.0336002964111826, 1.0233128368474338, 1.012909474538783, 1.0023973651661633, 0.9917874987864463
0.7435636514131385, 0.7616882282893842, 0.7796288240047051, 0.797371611954536, 0.8149067518517876, 0.8322251657635906, 0.8493157441059447, 0.8661662594676782, 0.882772343322225, 0.8991195953589388, 0.9152022830739872, 0.931009951384655, 0.946533959606044, 0.9617671847257219, 0.9767010869903823, 0.9913287519828389, 1.0056438803920118, 1.01963736295487, 1.0333058082491116, 1.046642914989465, 1.0596430599443964, 1.0722944968699517, 1.0846005611119134, 1.096547217914508, 1.1081398994377212, 1.1193686787535784, 1.130227665121791, 1.140715853602134, 1.1508320507151302, 1.1605695938343592, 1.1699313816852728, 1.1789062662497285, 1.187501749988832, 1.1957114939841302, 1.2035324422253018, 1.2109648324546027, 1.2180107795642412, 1.2246698628799484, 1.2309367761708705, 1.2368181362700374, 1.2423118159216164, 1.247420462785505, 1.2521432945294313, 1.2564823959540368, 1.260439100896046, 1.264017134817908, 1.2672173042134132, 1.270039132162494, 1.2724920472919115, 1.2745724687103097, 1.2762846884835453, 1.2776315957116564, 1.2786145870739913, 1.2792456264897991, 1.2795180363790157, 1.2794410728872476, 1.279018891764287, 1.2782574260045143, 1.2771571635726557, 1.2757220923936208, 1.2739592074477555, 1.2718771343933595, 1.2694751002419578, 1.2667601413750615, 1.2637414477309035, 1.2604153913631562, 1.2567957996671053, 1.2528855773704732, 1.248688596669882, 1.2442053980979635, 1.2394449014807902, 1.2344077574560783, 1.229096738679874, 1.2235157413225393, 1.2176614980373328, 1.2115376970508818, 1.205160646573499, 1.1985246061609685, 1.1916405610860208, 1.1845080188571258, 1.1771456418068977, 1.169546463903127, 1.1617249203101023, 1.1536808458339989, 1.1454299549464464, 1.1369679955570318, 1.1283093379764635, 1.119453712640012, 1.110415662939917, 1.1011978970470038, 1.0918069860170219, 1.0822528399186053, 1.0725379288829187, 1.0626755906729342, 1.052668587861329, 1.0425231781476212, 1.032252323201159, 1.021863372646865, 1.0113590708023805, 1.0007462910221916
0.7438428368691872, 0.7620325319353416, 0.7800380963138043, 0.7978473917152966, 0.8154481655010164, 0.8328351350090948, 0.8499951398082368, 0.8669162980432308, 0.8835946132667019, 0.9000146653482117, 0.9161731839267988, 0.9320571152588295, 0.9476596572129496, 0.9629733088889099, 0.977988865481497, 0.9926994489804875, 1.007098400049668, 1.021179092296852, 1.0349335495635819, 1.048359038373083, 1.061447560871085, 1.0741915137780067, 1.0865906188969836, 1.0986337631769727, 1.1103176292958006, 1.1216449178635424, 1.1326040511820468, 1.1431930226266251, 1.15340794547497, 1.1632483978944768, 1.1727110555190547, 1.181791620674729, 1.1904888610261333, 1.1988013326452593, 1.2067271975930849, 1.2142632760845187, 1.2214101240275665, 1.2281746623620213, 1.2345450224861123, 1.240528267835571, 1.2461228054557152, 1.2513307991816864, 1.2561555500632577, 1.260593292190225, 1.264648577717149, 1.2683249504160328, 1.2716217457996093, 1.2745406100952428, 1.2770887859731905, 1.2792633258246253, 1.28107061310354, 1.282508997472383, 1.2835887655729108, 1.2843106936140058, 1.284676131404118, 1.284691363009606, 1.2843577078843138, 1.2836823837861422, 1.282670816125047, 1.281323858279495, 1.279646466432367, 1.2776470284706738, 1.2753294117393166, 1.2726959693683808, 1.269757592873023, 1.2665130090089276, 1.2629718410291941, 1.2591378384285958, 1.2550207189535056, 1.2506218991661084, 1.2459465268418084, 1.2409987071740245, 1.2357824227134229, 1.2302950565490631, 1.2245448205218592, 1.2185279757833767, 1.2122474958531937, 1.2057133508178337, 1.1989279753601805, 1.1918908247836297, 1.1846179429835813, 1.1771139479925052, 1.1693788291546694, 1.161418593206089, 1.1532456324463096, 1.1448592498567534, 1.1362653392456847, 1.12748500112568, 1.118510476245798, 1.1093544691135433, 1.1000194840166726, 1.0905149799110445, 1.0808450336645476, 1.0710242467300146, 1.061052213481811, 1.0509383362177926, 1.0406930974368676, 1.0303230690926197, 1.0198313075155054, 1.009231289116225
0.7439718929688457, 0.7622257149747318, 0.7802939799694535, 0.7981672928073271, 0.8158340613754147, 0.833285133455357, 0.850509762025573, 0.8674993436698717, 0.8842430472045475, 0.9007343119495363, 0.9169596781592544, 0.9329152277419892, 0.9485913723865833, 0.9639794219923568, 0.9790689758457782, 0.9938585084428952, 1.0083364457455621, 1.0224965574697107, 1.0363331602066763, 1.0498418177160636, 1.0630106310391048, 1.0758415895750373, 1.088325284137949, 1.1004561472026024, 1.1122297710655564, 1.1236460547446674, 1.1346962397601628, 1.1453794212719943, 1.155688917684441, 1.165622917416596, 1.1751778906350898, 1.1843577369058922, 1.1931517442746804, 1.2015618546018478, 1.20958551829992, 1.2172219573988512, 1.2244696125916432, 1.2313287477994406, 1.2377988960284538, 1.2438806746877367, 1.2495715822646138, 1.2548780108703061, 1.259792667941329, 1.2643254208737202, 1.2684718650537574, 1.2722429767409187, 1.2756305761231408, 1.2786430140682574, 1.2812805736179795, 1.2835470319126072, 1.2854434641441967, 1.2869738347535877, 1.288141552418053, 1.2889490346781036, 1.2893999351043695, 1.2895015354400625, 1.2892547810916843, 1.2886600597041484, 1.2877327785408914, 1.286469010994515, 1.2848749537785649, 1.2829546008978978, 1.2807148638413137, 1.2781620754695195, 1.275297881988716, 1.2721307864284368, 1.2686640217078304, 1.2649048849181694, 1.2608586703436613, 1.256530225451196, 1.251926212571827, 1.247052958108969, 1.2419185931280579, 1.2365154511543421, 1.2308595003663596, 1.2249389527055952, 1.2187597838037574, 1.2123258848475045, 1.205638414885935, 1.1987023131020562, 1.1915255274798353, 1.1841104751481621, 1.1764649620103738, 1.1685961321913565, 1.1605021037179766, 1.1522013225392724, 1.1436880578638293, 1.1349790591851443, 1.1260713764570296, 1.1169818027855696, 1.1077032592394458, 1.0982589662453064, 1.0886465200585063, 1.0788692359746177, 1.0689454376336824, 1.0588723538962013, 1.048657831493716, 1.0383162788835945, 1.0278470842190641, 1.0172635032970687
0.7439530572730932, 0.762269933680396, 0.7804005260267672, 0.798336069070535, 0.8160659224081304, 0.8335811830006952, 0.8508688087299925, 0.8679213686157601, 0.8847300729936478, 0.9012856141353369, 0.9175774044092231, 0.9336010110864956, 0.9493446420073495, 0.9648012902131518, 0.9799635772782578, 0.9948231006130444, 1.0093741332701187, 1.0236082016169705, 1.0375216486765977, 1.0511057346556543, 1.0643539840133363, 1.0772611829019736, 1.0898268899478767, 1.102037426676918, 1.1138954933826684, 1.1253929416576396, 1.1365267805240569, 1.1472966520462675, 1.1576939978920242, 1.1677179603864856, 1.1773621188971441, 1.1866304297409807, 1.195515851414993, 1.2040081458973182, 1.2121327718621613, 1.219862512707972, 1.2272034457590655, 1.2341572768972737, 1.240720002859958, 1.2468941273780976, 1.252679540017719, 1.2580736960354768, 1.2630864729388156, 1.2677096778770354, 1.2719466930155887, 1.2758021610336803, 1.279278704652099, 1.2823774075214933, 1.2851014892061192, 1.2874529728872792, 1.2894321543056995, 1.291048819016825, 1.2923000436748628, 1.2931912080775154, 1.2937254747011329, 1.2939086993468463, 1.2937429133141718, 1.2932318045862585, 1.2923804891855886, 1.2911952091451608, 1.2896743202983911, 1.2878326583058515, 1.2856706353062597, 1.2831906667313282, 1.2803983414315665, 1.2773028063277918, 1.2739091792737467, 1.2702181241846189, 1.2662446174602051, 1.2619833431953849, 1.2574494991988514, 1.2526430725214324, 1.2475727941445767, 1.2422425468044649, 1.2366574085860718, 1.230822067931423, 1.2247339264331627, 1.218394617322505, 1.211803577760814, 1.2049675631385126, 1.1978855642403188, 1.1905656395589643, 1.183013488148073, 1.1752313308889581, 1.1672299918375328, 1.159011721285128, 1.1505849177554053, 1.141953105081373, 1.1331210501230045, 1.1241014349056568, 1.114894760864412, 1.1055112481002807, 1.095955898234851, 1.0862356772852335, 1.0763619738642047, 1.0663357833385545, 1.0561652485030733, 1.0458580975178675, 1.03542382182422, 1.0248595049091191
0.7437810469733854, 0.7621628620097551, 0.7803566593574169, 0.7983537809064059, 0.8161465595458361, 0.833722541108159, 0.8510739580282474, 0.8681884514559526, 0.8850584541389059, 0.9016762925211239, 0.9180330198548665, 0.9341182997117814, 0.949926566506444, 0.9654496525133736, 0.9806778336693815, 0.9956060440287446, 1.0102252387314996, 1.0245290364365323, 1.0385100940769432, 1.0521669329359318, 1.0654902718407877, 1.0784701769472056, 1.0911104674972103, 1.1033980766669442, 1.1153325831770067, 1.12690713923634, 1.1381231287085454, 1.1489694707258584, 1.1594477863201744, 1.1695537362206236, 1.1792818993212704, 1.1886334012014954, 1.1975994004362454, 1.2061879657767376, 1.214392907815042, 1.2222091498787035, 1.2296380114463217, 1.2366793337192759, 1.2433314898300827, 1.2495944436037645, 1.2554673121139173, 1.2609527671994014, 1.266044857142492, 1.2707598526626702, 1.2750855671907813, 1.2790272276992196, 1.2825857738115287, 1.2857628381117783, 1.2885716482687064, 1.291003942502015, 1.2930615723417977, 1.2947620053846647, 1.2960926229394039, 1.297063465207887, 1.2976771744225593, 1.2979324880627408, 1.2978468053729086, 1.2974124516392989, 1.2966349743138954, 1.2955271347217439, 1.2940832237787694, 1.2923124551624623, 1.2902208584444592, 1.2878114316693035, 1.2850910841187853, 1.2820630633268726, 1.2787374651042454, 1.2751160080107224, 1.2712040649896634, 1.2670072310356515, 1.262538970704692, 1.2577967845472129, 1.2527896762811492, 1.2475195454792738, 1.2420001531658, 1.2362314731054367, 1.2302135685715596, 1.2239563913421732, 1.2174576109656057, 1.2107128092227013, 1.2037269172625171, 1.19650265165249, 1.189045051619753, 1.181355847968912, 1.173444189368932, 1.1653141031310978, 1.1569735872499463, 1.1484229944401703, 1.1396735545633119, 1.1307292968604754, 1.1215983087050132, 1.1122842375254463, 1.1027980780985613, 1.093139884914133, 1.083322101345142, 1.0733407299792814, 1.0632258099587046, 1.0529639242336328, 1.0425685161948506, 1.032044262674236
0.7434468976075177, 0.7618975461789521, 0.7801592273165197, 0.798220563937849, 0.8160745626321182, 0.8337126037410556, 0.8511250302460835, 0.8683006312809436, 0.8852351453771563, 0.901912599221868, 0.9183294540601556, 0.9344766734592485, 0.9503456246063342, 0.9659298623463988, 0.981221888711171, 0.9962126078979656, 1.0108974875031782, 1.0252664568914343, 1.0393154715106148, 1.0530404883157383, 1.0664293709769241, 1.0794812116109531, 1.092189586055432, 1.1045510424949976, 1.1165580412162415, 1.1282067004229726, 1.1394927055905422, 1.1504147500123318, 1.1609678775817676, 1.171146959994112, 1.1809572572322464, 1.1903835737069182, 1.1994337930855314, 1.2081000190702271, 1.2163842140950711, 1.2242812538086758, 1.2317940031760903, 1.2389167739761637, 1.2456529479561658, 1.2519993311522652, 1.2579557331596538, 1.2635263660552836, 1.2687072180591228, 1.2734996052026295, 1.2779040562264248, 1.2819307444627297, 1.285573571544453, 1.288834900028788, 1.2917175168944217, 1.2942273389315373, 1.2963658698343066, 1.2981354426019989, 1.2995436484792675, 1.3005894453705578, 1.3012779213384027, 1.301610229757613, 1.3015953637866842, 1.3012314675028298, 1.3005300365423045, 1.2994895713138161, 1.298114662226566, 1.2964156253244132, 1.2943918732307287, 1.2920491167066208, 1.2893982421053023, 1.2864372201603151, 1.283172942561186, 1.2796183251723212, 1.2757695256474149, 1.2716381190147343, 1.2672257686766413, 1.2625454102481681, 1.257596946406923, 1.2523888430583012, 1.2469259475171937, 1.2412145625031838, 1.235260134833264, 1.2290700434784823, 1.2226412720365216, 1.2159790565892363, 1.2090833825244927, 1.2019521074288688, 1.1945842917737606, 1.186988797678036, 1.1791700210990355, 1.1711299665865296, 1.1628762007089888, 1.154413166641329, 1.1457485264681564, 1.1368866851569974, 1.1278323423161494, 1.118593482773913, 1.109174741281687, 1.0995863249544113, 1.0898336092406522, 1.0799208745925766, 1.0698538441383603, 1.0596434980380876, 1.049291859169034, 1.038811069726317
0.7429406472213822, 0.761464240138686, 0.7797968728896087, 0.7979273554398949, 0.8158457653874498, 0.8335479173490707, 0.8510212254037093, 0.8682595710227599, 0.8852536898150367, 0.9019945361189761, 0.9184681218608253, 0.9346787501163272, 0.9506052300175982, 0.9662516261735226, 0.9816038436134358, 0.996655278673658, 1.01139940473223, 1.0258327317432494, 1.0399422684402095, 1.053730111283417, 1.067187427925485, 1.080302341840139, 1.0930793080690142, 1.1055056264980214, 1.117580202776586, 1.1292991547068114, 1.1406554877521637, 1.1516476857718319, 1.1622720759608205, 1.1725255920474025, 1.1824035431521045, 1.1919040076133536, 1.2010257183021666, 1.2097690741514304, 1.2181266613524633, 1.2261012851886504, 1.2336912105563327, 1.2408895239391553, 1.2477038356683314, 1.254130681260821, 1.2601679985575371, 1.2658156613014517, 1.271076983131226, 1.2759501722568727, 1.2804367062011144, 1.2845385663635858, 1.28825823499277, 1.2915964214995226, 1.2945523384016715, 1.2971401259359387, 1.299351353358161, 1.3011944067923897, 1.3026725017771374, 1.3037891300306006, 1.3045467225293725, 1.3049483771405965, 1.3050042877775097, 1.3047116159651209, 1.3040768588338372, 1.3031010237309806, 1.3017977620519643, 1.300163041771298, 1.298203421493226, 1.2959277801871627, 1.2933382461149696, 1.2904411652932124, 1.2872415014241971, 1.2837460136380363, 1.2799577642748252, 1.2758862822470318, 1.271534390979066, 1.2669109883107792, 1.262018755003413, 1.2568634241069132, 1.2514624381433874, 1.2458057057437442, 1.2399074981280078, 1.233773571326327, 1.2274063942778524, 1.220807749546064, 1.2139849859854221, 1.2069358859256338, 1.1996613758541654, 1.1921559986945622, 1.184427230636767, 1.176478680507567, 1.1683135796678839, 1.1599391996369262, 1.151358657743148, 1.1425816034389085, 1.1336094658981066, 1.1244509738985213, 1.1151114002316005, 1.1055954996560358, 1.0959090118064934, 1.0860640267071444, 1.0760610747940502, 1.0659053501667257, 1.0556112140493168, 1.045179297880412
0.7422510369481099, 0.7608517724336865, 0.7792588593629812, 0.7974629514887965, 0.8154543029175674, 0.8332230274645802, 0.8507621814826072, 0.8680624213467683, 0.8851175193487419, 0.90191956750387, 0.9184585102829592, 0.9347265178364266, 0.9507138384683236, 0.9664163252231157, 0.981826730435718, 0.9969377067996339, 1.0117428957503423, 1.0262341407376185, 1.0404068592266489, 1.0542530458508557, 1.067769521654852, 1.0809449266553441, 1.093786255931886, 1.1062741502013536, 1.1184116969773603, 1.1301980090277217, 1.1416209086349136, 1.1526770321980768, 1.1633680067926404, 1.173688226259487, 1.183638785893268, 1.193206249017753, 1.2024003466701183, 1.211212752193478, 1.2196400626555812, 1.2276847030785971, 1.2353438140747803, 1.2426206786564888, 1.2495051891842577, 1.2560059367100989, 1.2621172836797063, 1.267841228841326, 1.2731764806736114, 1.2781248040720703, 1.2826868444757613, 1.2868640718188074, 1.2906580444116384, 1.2940702804806063, 1.2971036216621803, 1.2997601836064794, 1.302042423193952, 1.303954090196945, 1.3054997655579141, 1.3066837344777005, 1.3075082858271037, 1.3079779967982779, 1.3080954955909219, 1.3078688752857088, 1.3072973580117369, 1.3063893153061406, 1.305146080148865, 1.3035733891711585, 1.3016783205042541, 1.299462544995417, 1.2969340653598804, 1.294096111052773, 1.2909558564491617, 1.2875170674248961, 1.283788453035604, 1.27977384403827, 1.2754797721846627, 1.270910871171469, 1.2660751821813347, 1.2609769665558401, 1.2556246016588402, 1.2500213898646662, 1.2441777130913563, 1.2380952218978676, 1.231782291069318, 1.2252418735441877, 1.218479332312124, 1.2114960771178174, 1.2042982600568264, 1.1968786557512443, 1.1892378584044776, 1.1813776503942774, 1.1733048933412702, 1.1650175413995525, 1.1565262334313102, 1.147834635198758, 1.1389474406776925, 1.1298694547740977, 1.12060770527125, 1.111169677947184, 1.1015608181143461, 1.0917858904204918, 1.0818505776946052, 1.07176339335341, 1.0615260869539282, 1.0511528858083237
0.7413280138456848, 0.7600483708770165, 0.7785380049699997, 0.7968200543957318, 0.8148851843187357, 0.8327267044894429, 0.8503355376752131, 0.8677032349630664, 0.8848218754161223, 0.9016842539232597, 0.9182857375887421, 0.9346147148772443, 0.9506647353671775, 0.96642660174125, 0.9818941023740182, 0.9970626454919715, 1.011924953122624, 1.0264742175193495, 1.0407039493682033, 1.0546091477310329, 1.068182477028615, 1.0814217950564382, 1.09431945982137, 1.106865428067045, 1.119067403413454, 1.130912389064524, 1.1423974966007497, 1.153517157874929, 1.1642739184094149, 1.1746567895580275, 1.1846689509820232, 1.1943059777680007, 1.2035618322665984, 1.2124416364277044, 1.2209356393656554, 1.2290484432616422, 1.236777224468649, 1.2441182920549414, 1.2510720815230973, 1.257642700132112, 1.2638227664455206, 1.2696181414190582, 1.2750248070989647, 1.2800438107646448, 1.284675243856614, 1.2889256167975267, 1.292791646771298, 1.296272097072797, 1.299377656385576, 1.3021005736773885, 1.3044548274580192, 1.3064349210972948, 1.3080435926146405, 1.3092911808979428, 1.310178892655908, 1.3107106544685818, 1.3108913177502037, 1.3107245093397024, 1.3102141273996883, 1.3093634858914767, 1.3081819763841755, 1.3066691187311141, 1.304830780594318, 1.3026734859094011, 1.3002006868514817, 1.2974227087980301, 1.29433540411351, 1.29095183725597, 1.2872820463981567, 1.283321258967951, 1.279078393587219, 1.2745637919272097, 1.26977866728443, 1.2647344799457327, 1.2594326279249968, 1.253881550058952, 1.248084658201658, 1.2420556592338938, 1.2357926870949454, 1.2293035951467344, 1.2225940423225081, 1.215668670086127, 1.208528777610769, 1.2011823164998843, 1.1936212197051317, 1.1858480622185423, 1.1778604208395462, 1.1696639763360137, 1.1612607258871774, 1.1526573986058422, 1.1438573256928164, 1.1348660358613882, 1.1256870251716462, 1.116328964280096, 1.1067979542566233, 1.097096645729418, 1.0872338557132535, 1.0772152406808244, 1.0670474251420528, 1.0567332426451612
0.7401028680665309, 0.7589785080955194, 0.7776084087965938, 0.7959827656047116, 0.8141302749386714, 0.8320478224601571, 0.8497325967800142, 0.8671726815634866, 0.8843604367869942, 0.9012896268001365, 0.9179510702443148, 0.9343419863907352, 0.9504527198837467, 0.9662770883956275, 0.9818049104311379, 0.9970290987657284, 1.0119500337163467, 1.0265553175845108, 1.0408427938378848, 1.0548042601808758, 1.0684357370534459, 1.0817310947354075, 1.094685019510897, 1.1072931601416949, 1.1195499781283056, 1.131451258322401, 1.1429964417005012, 1.1541764254132483, 1.164990569416445, 1.1754351138714396, 1.1855082897071823, 1.1952046939147776, 1.2045251949571876, 1.2134670988249878, 1.222025320466087, 1.2302013938511314, 1.2379941076362142, 1.2453991862810083, 1.252421182054369, 1.2590550266655844, 1.2653014911318783, 1.2711613803455206, 1.276633918797443, 1.28171821490126, 1.2864213526808532, 1.2907379308347862, 1.2946714132644876, 1.2982228908815143, 1.3013934276070165, 1.3041868831435819, 1.3066034253277463, 1.3086464228210515, 1.310322159239763, 1.311627647298006, 1.3125783885662328, 1.313168850065355, 1.3134064862090495, 1.313296816206111, 1.3128444708211786, 1.3120519835956221, 1.3109228909935586, 1.3094673867510975, 1.3076824902979771, 1.305581702769671, 1.3031640637512814, 1.3004375327818876, 1.297406236963691, 1.2940765608359035, 1.290453996992727, 1.286543694153635, 1.2823523358109616, 1.277887394455191, 1.2731524324166257, 1.268154527668556, 1.262903537589355, 1.2573997093632938, 1.2516528067116637, 1.2456688991270282, 1.2394536269994374, 1.2330125748245662, 1.2263507808100753, 1.2194776132836322, 1.212392370771279, 1.2051012933563596, 1.1976088789263342, 1.1899099138035991, 1.1820053658931498, 1.1738954990318247, 1.1655793273885307, 1.157063826724925, 1.1483499326613709, 1.1394447937992167, 1.1303504772849804, 1.121078034335535, 1.111625873445834, 1.1020061805367503, 1.0922180844911606, 1.0822714761293595, 1.0721761132777798, 1.0619287689787695
0.7386761687345436, 0.7576259384735264, 0.7763903431887069, 0.7949191943760425, 0.8131753866740743, 0.8311774698706591, 0.8489404479162221, 0.8664574655963282, 0.8837200000828798, 0.9007202421497675, 0.917451723471463, 0.9339055185771512, 0.9500776781497864, 0.9659635139186511, 0.9815537896139288, 0.9968431721391395, 1.0118162903172765, 1.0264787815756717, 1.0408223367545277, 1.054841533524658, 1.0685282538514196, 1.081878396915692, 1.0948890169336236, 1.1075511820948938, 1.1198623306171376, 1.1318231033361714, 1.143423304585565, 1.1546597710368163, 1.1655316403660807, 1.1760348056546475, 1.1861639626728868, 1.195919674805073, 1.2052995197620762, 1.2142976955779536, 1.222917333269847, 1.2311529299004809, 1.2390028709690943, 1.2464737983804985, 1.2535567734956556, 1.260251185961141, 1.2665611024998027, 1.272483385743068, 1.2780203990931218, 1.2831702727867365, 1.2879350621141432, 1.2923150405978197, 1.2963119877916212, 1.2999263022670347, 1.3031621115179766, 1.3060200614211146, 1.3085011727953413, 1.3106084160949072, 1.312343790460246, 1.3137136618391443, 1.3147213143673637, 1.3153667626019567, 1.315660242205289, 1.3156056803375895, 1.3152068080142483, 1.3144631245728204, 1.3133926093064252, 1.3119881574891208, 1.3102561272908728, 1.3082043187307475, 1.3058366022807304, 1.3031613864582416, 1.3001789271478073, 1.2968985314972796, 1.2933223658485025, 1.2894619612459683, 1.285317493597275, 1.2809001579757426, 1.2762125689541532, 1.2712614599353556, 1.2660477888006332, 1.2605949401191578, 1.2548932955893148, 1.2489533344980215, 1.2427832293228063, 1.2363879435020833, 1.2297727100635099, 1.222944733677319, 1.21590823001016, 1.2086672627349087, 1.201224886162076, 1.1935891312247717, 1.1857597014053907, 1.177727908039496, 1.1694960520395865, 1.1610653831558961, 1.1524390146463572, 1.1436198879799617, 1.1346143781976847, 1.125424777133058, 1.1160585830470096, 1.106518556646317, 1.0968138840085997, 1.0869452880122337, 1.0769192963030063, 1.0667482931044203
0.7370520576020727, 0.7560790347818127, 0.774914251393132, 0.7935525885864569, 0.8119665129404883, 0.8300942904741193, 0.847949856553079, 0.8655485669449945, 0.8828897720298912, 0.8999664515631212, 0.9167708012876554, 0.9332971162682862, 0.9495361244366682, 0.9654832210269282, 0.9811356967017621, 0.9964855973119375, 1.0115251471884728, 1.0262460371551763, 1.0406447413706745, 1.0547170456816213, 1.0684594030287053, 1.081865195551143, 1.0949268177536107, 1.1076459013965083, 1.1200153992644557, 1.1320279658751913, 1.1436836738287335, 1.1549728188746125, 1.1659008646318716, 1.176459319317682, 1.1866438992976382, 1.1964536148755895, 1.2058891467470874, 1.2149456406446495, 1.223618664330984, 1.2319143864045285, 1.2398228173330663, 1.247350779623548, 1.2544896644256545, 1.261244487337307, 1.2676127493947105, 1.2735969841555095, 1.2791924179767795, 1.2844028905149747, 1.2892274998021156, 1.2936689201379812, 1.297725594333726, 1.3014007871469166, 1.3046962299435085, 1.3076164723136285, 1.3101590859922068, 1.3123286598680535, 1.314125486422486, 1.3155543973735524, 1.316615964353086, 1.3173213091411595, 1.3176718279040527, 1.3176670741605632, 1.3173187621592843, 1.316628667737894, 1.3156037908330616, 1.3142448928200379, 1.3125639661388524, 1.310560617050565, 1.3082417229987824, 1.3056082983474147, 1.3026752689080245, 1.2994400400058685, 1.295911544693559, 1.2920938628484313, 1.2879950467715018, 1.2836198673268653, 1.278975758838956, 1.2740682217579957, 1.2689034725504227, 1.2634867240667935, 1.2578227564823257, 1.2519291725090964, 1.2458007487905602, 1.2394469345595835, 1.2328737017142712, 1.226088883336625, 1.219094345968304, 1.2119017768098628, 1.2045095840287443, 1.1969204627505645, 1.1891505710601704, 1.1811868766507088, 1.1730308843577886, 1.1646809511287044, 1.156141050968361, 1.1474066143783004, 1.1384889140965226, 1.1293849196246866, 1.1200993080606265, 1.1106486324384646, 1.101022982495624, 1.0912347013865853, 1.0812891895369203, 1.0711893181068488
0.7352061583967098, 0.7543239977046925, 0.7732423115490876, 0.791956161641667, 0.810459271554242, 0.8287378958421163, 0.8467284748245021, 0.8644332563650163, 0.8818590775485138, 0.8990162203446852, 0.9159001017730395, 0.9324982023975261, 0.9488138711949654, 0.9648318351779581, 0.980548682287437, 0.99595913123144, 1.0110597537143002, 1.0258457042820277, 1.040305716692921, 1.0544341339212968, 1.0682332092339903, 1.0816916515686623, 1.0948094978938583, 1.1075835251053485, 1.1200056508638747, 1.1320682421153192, 1.1437772974003986, 1.1551228850320117, 1.166099340881467, 1.1767138467382336, 1.1869518043975527, 1.196818188271794, 1.2063056314965612, 1.2154134846707896, 1.2241450446546116, 1.2324909260280625, 1.2404558285082592, 1.2480363487212172, 1.2552333540794711, 1.2620421791274685, 1.2684650309570449, 1.2745062995114678, 1.280159056282268, 1.2854275259281023, 1.2903103193936358, 1.2948090660902762, 1.2989241535287404, 1.3026549293064944, 1.3060116056019089, 1.3089883414147279, 1.3115892210748603, 1.3138163751003153, 1.3156728290189532, 1.3171600181458514, 1.3182816026222133, 1.319040976216736, 1.3194417253968487, 1.3194893995464758, 1.3191932715732433, 1.3185505120247454, 1.3175689251654559, 1.3162592220157263, 1.3146257295261021, 1.3126670899142274, 1.3103885504334611, 1.3078056411778922, 1.3049129189685997, 1.3017182090467534, 1.29823373685631, 1.2944587074578982, 1.2904021181151881, 1.2860674550441713, 1.2814604536279885, 1.2765944388242998, 1.271468602140092, 1.2660938594415923, 1.2604722370754997, 1.2546098885346302, 1.248522756594272, 1.2422040069260545, 1.235673027584542, 1.228927620337113, 1.2219757655546628, 1.2148180323017952, 1.2074745467423211, 1.1999356585529268, 1.192210158482733, 1.184301030696811, 1.176209562349885, 1.1679304134543527, 1.15947037200102, 1.150821330450202, 1.1419865872056674, 1.1329676846121073, 1.1237727895059662, 1.1144011260692777, 1.1048603130845533, 1.095156973955663, 1.0852837827022652, 1.0752692338387062
0.7331327659826261, 0.7523469028499541, 0.7713559989554026, 0.7901555778660798, 0.8087353645381672, 0.8270943930631729, 0.8452238365401952, 0.8630699247964397, 0.8806121221007688, 0.8978610960552915, 0.9148268835902931, 0.9315096396877047, 0.9478971646709722, 0.9639902313833781, 0.97978059290456, 0.9952603377505449, 1.0104247003522095, 1.0252704908547559, 1.0397938448673765, 1.0539887528744254, 1.0678424107379412, 1.0813582833401734, 1.0945316746508515, 1.107357550410856, 1.1198309408894564, 1.131950066891105, 1.1437120218718801, 1.1551089293708232, 1.166140858128844, 1.1768035695871957, 1.1870937900982748, 1.197013018416242, 1.2065523253606747, 1.21571194721282, 1.2244940916752354, 1.2328932758661741, 1.2409098347643264, 1.2485400447615893, 1.255788631581093, 1.262651249304393, 1.2691308168767668, 1.275224270669173, 1.2809322958137797, 1.286255253125769, 1.2911919610149019, 1.2957445516608308, 1.2999158772726096, 1.3037045008037422, 1.3071142435446133, 1.310146242781708, 1.3128000462796257, 1.3150826516582788, 1.3169963604181367, 1.3185383167386915, 1.3197156344811658, 1.320529823723855, 1.320984252881419, 1.321084945984384, 1.3208369282043035, 1.3202422770053586, 1.3193098785670143, 1.3180454878016539, 1.316450671385648, 1.3145354912790017, 1.3123021716598506, 1.3097556609302883, 1.3069045641749453, 1.303752411547456, 1.30030706790627, 1.2965717812973088, 1.2925508623432576, 1.2882557851427903, 1.283690985143255, 1.278860891256218, 1.273772590611439, 1.268431935294255, 1.2628474200052215, 1.2570241462975522, 1.2509691119656763, 1.2446888208075348, 1.2381881723614994, 1.2314809252391425, 1.2245650036104463, 1.2174503699294972, 1.2101429821681107, 1.2026449009028424, 1.1949606925252665, 1.1870968723128525, 1.1790596304450274, 1.170843756020747, 1.1624501097346807, 1.1538761159116673, 1.1451214196629165, 1.1361892464933048, 1.1270787925853964, 1.1177943058031827, 1.1083366213901185, 1.0987145564333956, 1.0889326636863172, 1.0789921128290088
0.7308700269826733, 0.7501629127467044, 0.7692563050240757, 0.7881402169189, 0.8068046311068775, 0.8252415276731835, 0.843447726343153, 0.8614114680776472, 0.8790998036565218, 0.89647607861649, 0.9135405136028121, 0.9303101068837227, 0.9467831936573416, 0.9629560308022951, 0.9788205188933441, 0.9943743248998578, 1.0096114844466042, 1.0245235026803021, 1.0391098268590477, 1.053366055952881, 1.0672861818830865, 1.0808602941580157, 1.0940908676613725, 1.1069708289503497, 1.119497895487771, 1.1316698748936114, 1.143483348071702, 1.1549313602826876, 1.1660158004361358, 1.1767304257837354, 1.1870722193254641, 1.197040378046471, 1.2066300684883577, 1.2158428522216047, 1.2246730417542144, 1.233124144622738, 1.2411878374399903, 1.248872130409235, 1.2561688204050574, 1.2630843665849367, 1.269613961121169, 1.27575637631623, 1.2815129944254577, 1.2868877157648226, 1.2918787751655811, 1.296485246794691, 1.3007075002737194, 1.3045496135669543, 1.308010664925205, 1.311096903380938, 1.3138051469826832, 1.3161371884524078, 1.3181003567958092, 1.3196990085941236, 1.3209297712019135, 1.321797596933453, 1.3223078515990947, 1.3224606353535497, 1.3222612887799725, 1.3217144888416597, 1.3208264836775347, 1.3196033361537927, 1.3180542798077424, 1.3161762475436865, 1.3139854573141063, 1.3114797956049662, 1.308667445657476, 1.3055519373967632, 1.3021453847572593, 1.2984440539978293, 1.2944646204781902, 1.2902037880823434, 1.2856724459095572, 1.2808785018019142, 1.2758236691167957, 1.270518737475256, 1.2649679178417257, 1.2591743020858592, 1.2531562992578484, 1.2469060082664205, 1.2404443105625722, 1.2337628172650978, 1.226884897715581, 1.2198020606503617, 1.212528144009556, 1.2050674488094328, 1.1974234503104624, 1.1896027322000604, 1.1816046347490312, 1.17344280902618, 1.1651071177104155, 1.156598929862528, 1.1479216310481872, 1.139065670267338, 1.1300377673916797, 1.1208356620895712, 1.1114628580449546, 1.1019260733398353, 1.0922238488372171, 1.0823673488195125
0.7284978697718927, 0.7478305958614744, 0.7669826362986427, 0.7859341176153531, 0.8046722138916103, 0.8231875159451763, 0.8414684091649267, 0.8595076406517395, 0.8772964297693724, 0.8948121008236365, 0.9120104812684877, 0.9288886316923071, 0.9454523325601185, 0.9617095178851427, 0.9776598557885992, 0.9932921974424547, 1.0086046710575554, 1.0235885579200703, 1.0382456283065808, 1.0525644785750101, 1.0665469818202942, 1.080188764224439, 1.0934776319081907, 1.1064158914817712, 1.1190012910353824, 1.1312256982780964, 1.143091909657561, 1.1545931079453284, 1.1657277360523919, 1.1764938638188225, 1.1868865732987173, 1.1969036161055682, 1.2065450267746973, 1.2158055675271333, 1.2246869896205004, 1.2331867441496902, 1.2413030097135431, 1.2490331668962105, 1.256379936517937, 1.2633428282552357, 1.2699178060146954, 1.276108976796773, 1.2819179789069386, 1.2873409775621338, 1.2923798196321874, 1.2970352270212997, 1.3013084008801483, 1.3052012568624134, 1.3087138489693713, 1.311849119098631, 1.3146072078496145, 1.3169937426122393, 1.3190067711559577, 1.320654882418796, 1.3219360274141954, 1.3228545310030482, 1.3234145688541323, 1.3236154867264345, 1.323465981901637, 1.322969532896308, 1.32212621502888, 1.3209475486306443, 1.3194409054799854, 1.3176031491963682, 1.3154513837672956, 1.3129827160754592, 1.3102058763670845, 1.3071302948430903, 1.3037519887989388, 1.3000894225563746, 1.2961460722706937, 1.2919209825490965, 1.2874222414563041, 1.2826616828725461, 1.2776403937080785, 1.2723666418424378, 1.2668466589514038, 1.2610883287787358, 1.255097341898881, 1.2488816483722962, 1.242447443463809, 1.2357973236497406, 1.2289483426305408, 1.2218960986335814, 1.2146544376054988, 1.2072256250615423, 1.1996162440166414, 1.191832454972281, 1.1838732272565151, 1.1757507073357472, 1.1674645747486734, 1.1590160274256176, 1.150395133886934, 1.1416156043254189, 1.1326653002519107, 1.1235423915190337, 1.1142546204424972, 1.1047981818375971, 1.0951819241353986, 1.0854068632363605
0.7262264687752209, 0.7454676208226694, 0.7646085294476546, 0.7835868229222092, 0.8023774968152395, 0.8209506562801314, 0.8392974806034896, 0.8574050713653856, 0.8752638902881857, 0.8928653274535714, 0.9101972955837718, 0.9272099443570125, 0.9438914394372864, 0.9602445859052535, 0.9762810019502561, 0.991999540393059, 1.0073930854423478, 1.0224568473263487, 1.037186334189502, 1.0515776460585533, 1.0656268837452467, 1.0793319687172938, 1.0926885585782644, 1.1056915219073113, 1.1183336685407665, 1.1306143768939583, 1.1425365252574968, 1.1540906828050934, 1.1652781587583343, 1.1760948243955722, 1.186535222707188, 1.196604446315411, 1.206294311035026, 1.2156047104162218, 1.2245352420051523, 1.2330811472535386, 1.2412448868600618, 1.2490247880770111, 1.2564201471048646, 1.2634286276181, 1.2700529196258037, 1.276290645251989, 1.2821434586888953, 1.2876139029103646, 1.2926979214083962, 1.2974019116689481, 1.3017246040160364, 1.305664966163767, 1.309225330161186, 1.3124071628475233, 1.3152171820807323, 1.3176524553864573, 1.3197138605254741, 1.3214085783109644, 1.3227388006350074, 1.3237032385774503, 1.3243132099151493, 1.3245635024793314, 1.3244640261729712, 1.324013271650112, 1.3232195901214316, 1.32208488965433, 1.3206161202280304, 1.318823957402329, 1.316706188496183, 1.3142746223963746, 1.3115343154117864, 1.3084923217987798, 1.305150392637425, 1.301521784544021, 1.2976087217767214, 1.2934145347599317, 1.2889500539755039, 1.284219476231665, 1.2792293739020968, 1.2739854997306983, 1.2684926165124741, 1.2627668925507498, 1.2568066820378645, 1.2506182389062337, 1.2442129539564801, 1.2375947909586733, 1.2307707748355652, 1.223748174565972, 1.2165333996227075, 1.2091340892306972, 1.201556551891012, 1.1938021964416476, 1.1858806529515205, 1.1777933669047185, 1.1695478669804045, 1.1611441480460867, 1.1525808775466357, 1.1438588047029965, 1.134978276162296, 1.1259331286915524, 1.116720551198017, 1.1073499940173361, 1.0978116738231618, 1.0881194355041002
0.7243703548651164, 0.7433729617502953, 0.7623295595099089, 0.7812184938679811, 0.7999889025732321, 0.8185847714538825, 0.8369706391381033, 0.8551308066066987, 0.8730498971467116, 0.8907138738758595, 0.9081162634613706, 0.9252446384051085, 0.9420624172078425, 0.958537203909068, 0.9746757168626532, 0.9904857457992557, 1.0059664469032041, 1.0211140651160084, 1.0359241285023026, 1.0503951493291952, 1.064518347858031, 1.0782918879472456, 1.0917131769074357, 1.1047807122481776, 1.1174910938335492, 1.129831321477016, 1.1418078561306535, 1.1534198595297935, 1.1646603103317732, 1.1755287919009172, 1.1860231880096288, 1.1961402965830592, 1.205881331602959, 1.2152400378215331, 1.2242177168925812, 1.2328133364886815, 1.2410247261277254, 1.248850352647188, 1.2562915520030797, 1.2633484398129253, 1.2700176068209847, 1.2763001690446698, 1.2821994028742827, 1.287714238978885, 1.2928446839815768, 1.297593312821955, 1.3019602435481792, 1.3059469944542057, 1.3095532331176143, 1.3127831200098639, 1.3156356585631022, 1.3181193579581842, 1.320227651072467, 1.3219692492991078, 1.3233455937766108, 1.3243588085594409, 1.3250125285196104, 1.3253075237974334, 1.3252546600322352, 1.3248494072298405, 1.3241032779363797, 1.323014775425448, 1.3215876494883672, 1.319835990313453, 1.3177518408779383, 1.3153592785903951, 1.3126560179924551, 1.3096475605918227, 1.306340273241978, 1.3027439005170853, 1.2988605522370298, 1.2946995395804413, 1.2902630616723618, 1.2855626549526766, 1.280601005512053, 1.2753856001344621, 1.2699264628496918, 1.2642253616080223, 1.258290419944049, 1.25213141215115, 1.245751951337069, 1.2391585001615608, 1.2323580805773409, 1.2253653162659033, 1.2181777397863192, 1.2108048174909838, 1.2032542603444751, 1.1955296948212206, 1.1876360596608064, 1.179584227750996, 1.1713722032475031, 1.1630071650253582, 1.1544890295780972, 1.1458211024426204, 1.1369975842391282, 1.1280193145197712, 1.1188847600241045, 1.1095902090900607, 1.1001337761070458, 1.090516372082024
0.7227932320270005, 0.7416606061921529, 0.760436488518784, 0.7791096479641295, 0.7976974023399199, 0.8161965607677866, 0.8345590664309137, 0.8527325993438959, 0.8706840023730313, 0.8883943390779168, 0.905849934036719, 0.9230403816548796, 0.9399512435883457, 0.9565588376261056, 0.9728226150388393, 0.9887384042838674, 1.0043141252714447, 1.0195523601620797, 1.0344487521957246, 1.049001246154675, 1.0632007382666382, 1.0770525943156715, 1.0905466925598803, 1.1036834829839455, 1.1164567598816157, 1.1288678810820736, 1.1409072021349074, 1.1525732223226735, 1.1638714335578415, 1.1747912698839622, 1.1853405239997938, 1.1955095008553185, 1.2053014056606797, 1.2147099413065794, 1.2237359295274812, 1.2323800500675004, 1.2406377094266103, 1.2485098674662494, 1.255999269591146, 1.2630996351124493, 1.2698150587822594, 1.2761444537996445, 1.2820847997125453, 1.2876435743827264, 1.2928174608394754, 1.2976106769296356, 1.3020209956428834, 1.3060501661590953, 1.3097015979433015, 1.3129760251694291, 1.3158752026623928, 1.318401134511368, 1.3205534947213549, 1.3223390131389428, 1.3237564974636014, 1.3248187512749778, 1.325516179707555, 1.3258555924402478, 1.3258471602677977, 1.3254897967018406, 1.3247839782804638, 1.3237413986226114, 1.3223590366999316, 1.3206457318394973, 1.3186077840597177, 1.3162494220775143, 1.3135769220540352, 1.310601613076126, 1.3073273097283034, 1.3037595708401524, 1.2999056920923193, 1.2957758897648537, 1.2913702406837642, 1.2866927789549925, 1.281763373375468, 1.2765743479377383, 1.2711432044659885, 1.2654676073475875, 1.2595606305052014, 1.2534262360876154, 1.2470706490735806, 1.2405055255128898, 1.2337323462040102, 1.2267600335921207, 1.2195978018547633, 1.2122473178742679, 1.2047228254943319, 1.1970212432391092, 1.1891609074583114, 1.1811354318716196, 1.172955067563616, 1.16462224677048, 1.1561436802869123, 1.1475195403075515, 1.1387462961368042, 1.1298240744292327, 1.1207554062925054, 1.111532788240754, 1.1021551209804583, 1.092619675206076
0.7215768085252217, 0.7401923551651146, 0.7587928261229306, 0.7773392951744009, 0.7957680370460727, 0.8140659800432752, 0.8322480974362785, 0.8503190448460396, 0.8682387388349175, 0.885956603285087, 0.9034392353780119, 0.9206685872120195, 0.9376309155252285, 0.9543113084265533, 0.9706930285049742, 0.9867345789225554, 1.0024214668118647, 1.0177570554278494, 1.0327461232332427, 1.0473875979531728, 1.061672598157446, 1.0756057164649961, 1.089179364258798, 1.1023895920930267, 1.115232921100353, 1.1277105844867004, 1.1398180952933545, 1.1515499801262523, 1.1629040429323902, 1.173885395263599, 1.1844852409988365, 1.1947090396127136, 1.2045507074149446, 1.2140108803949898, 1.2230876690217256, 1.2317794195805432, 1.240086044637855, 1.248006942984662, 1.2555410646090541, 1.262687237672675, 1.2694473910470654, 1.275821930217929, 1.2818069508585443, 1.2874087353772152, 1.2926249511167915, 1.297460082747814, 1.3019122099419453, 1.3059832785963001, 1.3096766155497006, 1.312993519740579, 1.3159351861497752, 1.3185026406957858, 1.3206980154432157, 1.3225275182037235, 1.3239890379569266, 1.3250921032592364, 1.3258318516665986, 1.326217346499134, 1.3262508900420462, 1.3259332180544154, 1.3252719142248521, 1.3242695035188268, 1.3229294288611824, 1.321255101926254, 1.3192588646514123, 1.316940331005699, 1.3143045691543156, 1.3113617626553298, 1.3081179000924719, 1.3045803357469152, 1.3007574137129465, 1.2966538181365506, 1.2922767547871308, 1.2876318936385998, 1.282723333986321, 1.277564041682786, 1.2721544410933339, 1.266503120457588, 1.2606226430775953, 1.25451225207103, 1.248180125989708, 1.2416380815251342, 1.234889713598764, 1.2279412850432179, 1.2207995919242753, 1.2134751099561134, 1.2059719105438296, 1.1982971097933541, 1.1904589452493424, 1.1824568524061858, 1.1743043960201787, 1.1660006460708656, 1.157554367133467, 1.1489697052921484, 1.140241521470709, 1.1313700333863066, 1.1223566993077325, 1.1131978915783973, 1.1038919560711333, 1.0944333894805807
0.7208214163125826, 0.7391536262921656, 0.7574871412674513, 0.7757971277068174, 0.7940613611599305, 0.812236462552387, 0.8302759624347127, 0.8481643281651179, 0.8659038266845291, 0.8835106950402425, 0.9009530917377591, 0.9181831128802083, 0.9351665269308489, 0.9518852891816225, 0.9683209109898288, 0.9844605090928829, 1.0002633618696555, 1.0157125205142732, 1.0308049257436833, 1.0455398417809283, 1.0599202210205911, 1.0739391545110086, 1.0875933879328707, 1.1008851349135744, 1.1138057691194119, 1.1263580850289623, 1.1385331360107651, 1.1503350506733527, 1.1617555844362153, 1.1727923472635284, 1.1834529819193937, 1.1937320852339388, 1.203630263399389, 1.2131416506959019, 1.2222696559696535, 1.2310109947315402, 1.2393665902798743, 1.2473333989625948, 1.254914463045579, 1.2621087659247037, 1.2689110427826185, 1.2753313368201118, 1.2813618915238427, 1.2870077988602118, 1.292265674895737, 1.2971418847197418, 1.3016356556921833, 1.3057468353755004, 1.309481584497152, 1.3128392048588102, 1.3158202519445288, 1.3184270128399076, 1.3206663887511878, 1.322536621388493, 1.3240415629877722, 1.3251816580424558, 1.32596500910127, 1.3263910734825073, 1.3264637466289697, 1.3261898096154843, 1.3255687437895025, 1.3246074274216104, 1.3233062302323786, 1.32167637760132, 1.319717526898482, 1.317436214395431, 1.314836968665385, 1.3119295859959683, 1.3087170185076031, 1.305210119061221, 1.3014120328270158, 1.2973385428467656, 1.2929877598619575, 1.2883687806409538, 1.2834877632335369, 1.278352944183399, 1.2729689396391413, 1.2673430016979905, 1.261484481937333, 1.255396147356275, 1.2490875808842672, 1.2425673719277688, 1.235839064489343, 1.2289123263320567, 1.2217946256044199, 1.2144915168233252, 1.2070093753997098, 1.1993563204034023, 1.1915401896469033, 1.183565667842383, 1.1754365127975843, 1.1671593751433589, 1.15874069975074, 1.150186490717192, 1.141497685011653, 1.1326663743533656, 1.1237027382365907, 1.1146014406305964, 1.1053592571927622, 1.0959721732527283
0.7204701937854017, 0.7385465769013662, 0.7566104629168136, 0.7746570847860736, 0.792668316272704, 0.810624103532116, 0.8285035500273183, 0.846272238205894, 0.8638833965186814, 0.8813234323381236, 0.8985878969762835, 0.9156991143182482, 0.9326334078874483, 0.9493459750552189, 0.965800502615525, 0.9819763570610798, 0.9978580258400287, 1.0134122145514128, 1.0286133026937376, 1.0434519279008496, 1.057928174770649, 1.0720420895663265, 1.085787565826771, 1.0991621999798005, 1.1121650862206005, 1.1247948587581833, 1.137046781749322, 1.1489201231222284, 1.160411828966617, 1.1715187738047428, 1.1822383375138008, 1.1925762525462025, 1.202528426611713, 1.2120949356581354, 1.2212766105662416, 1.2300691852810735, 1.2384744228863722, 1.2464934080135697, 1.2541181426774335, 1.261360968232597, 1.2682115149476862, 1.2746751088538018, 1.280749733409368, 1.2864367063755848, 1.2917413844132062, 1.296657430715494, 1.301192744111943, 1.3053451178351976, 1.3091172066587324, 1.3125143491755535, 1.3155354882627135, 1.318184153086043, 1.3204614463919624, 1.3223703764496575, 1.3239140999275447, 1.325094834378631, 1.3259141057984918, 1.3263836940419607, 1.3264938578714789, 1.326260744837426, 1.3256803034735531, 1.3247576030853834, 1.3234980221256398, 1.3219059176625967, 1.3199845990601977, 1.3177422650436652, 1.3151801801228684, 1.3123064938105058, 1.3091276049410885, 1.3056493376749208, 1.3018821197941923, 1.2978348137883158, 1.2935088051265913, 1.288915124307894, 1.2840597096181439, 1.2789450218376563, 1.2735855454343676, 1.2679848262991298, 1.2621474724976443, 1.2560837601827677, 1.2497962737212225, 1.2432969847475936, 1.236590079454781, 1.2296845856826897, 1.2225866280414683, 1.215302819448346, 1.2078383992677244, 1.2002093336949597, 1.192412377477889, 1.1844584998431058, 1.1763535312442484, 1.168099147736764, 1.159710697036064, 1.1511827271623813, 1.1425225850619283, 1.1337330603939888, 1.124811507962579, 1.1157603211229157, 1.1065715271690335, 1.0972515806426157
0.7202763527487344, 0.7382537690759525, 0.7561181161597981, 0.7739222992500023, 0.7916802721157508, 0.809384591852722, 0.8270320820664088, 0.8445893410455545, 0.8620432638219286, 0.8793636508649021, 0.8965131163385847, 0.9134708474186164, 0.9302305568923854, 0.9468150579674193, 0.9632117160756861, 0.9793764439559647, 0.9952761559279937, 1.0108853927524057, 1.0261732566810098, 1.041112699136744, 1.0556880789519765, 1.0699004693346046, 1.0837432531373095, 1.0972116966812218, 1.1103024809933002, 1.1230161609447196, 1.1353457954920527, 1.147297007323533, 1.1588624841089183, 1.17004459682762, 1.1808334210038067, 1.1912316148844395, 1.201240726095583, 1.2108677254859073, 1.2201058516648926, 1.228953063593056, 1.2374101056515192, 1.2454764749636444, 1.2531563633490554, 1.2604427596923484, 1.2673399890148636, 1.273849563430356, 1.2799695178723054, 1.285701326731739, 1.291047326583434, 1.2960079963245539, 1.3005801608972858, 1.3047756724697228, 1.3085887046498774, 1.3120233938464656, 1.315083197997942, 1.3177699351843364, 1.3200842838260796, 1.3220330056121403, 1.323614366351669, 1.3248336379906673, 1.3256913268773536, 1.3261980057371074, 1.3263484755164994, 1.3261504654064842, 1.3256086875433537, 1.324724889788544, 1.323503682641813, 1.3219455448437953, 1.320066228642946, 1.3178602650267939, 1.3153344127625237, 1.3124967244564862, 1.3093504649139467, 1.3059055978520062, 1.3021667620489543, 1.2981429634810722, 1.293842564620511, 1.2892755753335576, 1.2844418919507303, 1.2793546825226185, 1.274017353108298, 1.2684371018075664, 1.262621558599661, 1.256577945676642, 1.250311879145765, 1.2438304114281804, 1.2371415279885722, 1.2302597950406264, 1.2231806643946639, 1.2159165856179746, 1.2084729981802687, 1.2008600797166364, 1.1930812097648547, 1.1851489872115222, 1.177065748791807, 1.1688373914200296, 1.1604648651385814, 1.1519666111157134, 1.1433342860282094, 1.1345754501324192, 1.1256950263394527, 1.1166858497674879, 1.1075496628665134, 1.0982843403453897
0.7200752055460145, 0.7380068237723849, 0.7558217778788583, 0.7735090197180705, 0.7910628699424747, 0.8085377946090686, 0.8259419670362265, 0.8432651138767246, 0.8604951733359458, 0.877608577887627, 0.8946050000261314, 0.9114453225827033, 0.9280956140365069, 0.944538743819133, 0.9607689458985567, 0.9767975241693909, 0.992627154118785, 1.008220690552558, 1.0235378703271563, 1.0385467070992034, 1.0532087129355423, 1.0675123921452014, 1.0814526763474932, 1.0950190306487295, 1.108205472803438, 1.1210064283476315, 1.133424749491689, 1.1454574648968014, 1.1571036563843693, 1.168357091675241, 1.1792245829112025, 1.1896962086686562, 1.199768297090844, 1.2094532834986174, 1.2187490762118598, 1.2276517591042255, 1.2361656342275387, 1.2442852972965524, 1.2520131324409993, 1.2593509941891083, 1.266298449184851, 1.2728535803020895, 1.279019693877447, 1.2847963182864133, 1.2901859843500985, 1.2951888528977973, 1.2998054213307695, 1.30403991671941, 1.3078930609611659, 1.3113661265550531, 1.3144640470048783, 1.317189404686899, 1.3195419578077816, 1.3215259207380532, 1.323145024237827, 1.3244010195381852, 1.3252964170401347, 1.3258366513259814, 1.326025178386419, 1.3258652130093536, 1.3253569181379588, 1.324509145476802, 1.323326062650195, 1.3218074797518957, 1.3199635085827621, 1.3177939255352333, 1.3153046096133627, 1.3124993545114263, 1.3093888301364585, 1.3059726411127732, 1.3022672963770843, 1.298272177401386, 1.2939963035856072, 1.2894517794887497, 1.2846429343096508, 1.2795760251982768, 1.2742626388991907, 1.2687006489754067, 1.262908754230419, 1.2568826914794817, 1.2506395957668124, 1.2441790893866687, 1.2375112654978961, 1.230643014411, 1.2235826001598111, 1.2163374683977564, 1.2089127513139521, 1.2013176321440353, 1.1935583928906643, 1.1856417653539273, 1.1775779620264606, 1.1693714945793436, 1.161025478390715, 1.1525463838567758, 1.143938358161587, 1.1352099719156312, 1.1263630538513523, 1.1173942353607726, 1.1082988138877736, 1.0990853833716043
0.7198624374605584, 0.7377507637610234, 0.7555184867095788, 0.7731587859930125, 0.7906538445023914, 0.8080032000613206, 0.8252005551186317, 0.8423016642088657, 0.8593056434971418, 0.8761990989178132, 0.8929799881986176, 0.9096235281398455, 0.9261165645697895, 0.9424423493198697, 0.9585630433181924, 0.9744663984428987, 0.9901386618997057, 1.0055853023563737, 1.0208217390685226, 1.0358191282798783, 1.0505294218931676, 1.0649039757206546, 1.0789207065930606, 1.0925783741847637, 1.1058611334720636, 1.1187605678667305, 1.131271972554667, 1.1433919623012079, 1.1551205561736966, 1.1664589019656129, 1.177400969402842, 1.1879491579900465, 1.1981021807461287, 1.2078489408406368, 1.2172034644016376, 1.2261645033899624, 1.2347340543282632, 1.2429109880960914, 1.250693209230774, 1.258083275323016, 1.2650800289480477, 1.2716856602285338, 1.277896883794308, 1.2837193560832096, 1.2891539347129521, 1.2942011499462138, 1.2988607835374877, 1.3031368386016764, 1.307030616550505, 1.310543734221997, 1.3136795672912305, 1.3164413111656321, 1.3188310604614157, 1.320852793874134, 1.3225074308218145, 1.3237990718759418, 1.3247329722415513, 1.3253079964335504, 1.3255317903567692, 1.325406186960687, 1.324934115322555, 1.3241214629689457, 1.3229721794620515, 1.3214903578596795, 1.319677684037475, 1.3175453362682346, 1.3150896284369074, 1.3123221129476041, 1.30924467093402, 1.3058613881692755, 1.3021866926000234, 1.2982168197814152, 1.293967598999319, 1.2894483164796737, 1.2846616449449568, 1.27961785318477, 1.2743237775358969, 1.2687853911187217, 1.2630100714330323, 1.2570074266730122, 1.2507811657989327, 1.2443384104784334, 1.2376908111412446, 1.2308397203873787, 1.223798025848576, 1.216569682316492, 1.2091625877242285, 1.201584963250844, 1.1938426745468353, 1.1859450222015608, 1.1778968988066891, 1.1697075774582997, 1.1613846672913288, 1.1529280339377754, 1.1443444545938233, 1.1356407929145176, 1.126821330846485, 1.1178906616660127, 1.1088394306988532, 1.0996684926898324
0.7196311527421662, 0.7374793363469907, 0.7552040180202519, 0.7727941167883516, 0.790246148836375, 0.807545956714594, 0.8246806866580245, 0.8416454677221017, 0.8584481097047876, 0.8751311740347854, 0.891694581791632, 0.9081251476294527, 0.9244128308399491, 0.9405486130266025, 0.9565122255832437, 0.9722905815692426, 0.9878581457059115, 1.0031892168632899, 1.0182795835637224, 1.0331255949117724, 1.047745002145489, 1.0621221534932639, 1.076196737059285, 1.08991203774118, 1.1032762520011898, 1.116266946212904, 1.1288758986474035, 1.141090521522183, 1.1529073806315262, 1.1643310621506542, 1.1753581343497848, 1.185987035247794, 1.1962152568528017, 1.2060426687867922, 1.2154635553011444, 1.2244874403090504, 1.2331152545874806, 1.2413487365260911, 1.249188051294282, 1.2566319042108125, 1.2636817933625428, 1.2703357028665634, 1.2765974366687471, 1.2824681110264882, 1.2879490785633356, 1.2930404070857362, 1.2977442078963852, 1.3020618162279431, 1.305997392650215, 1.309552246194868, 1.312727091306832, 1.3155270979273999, 1.3179531641307838, 1.3200109874935633, 1.321702488380029, 1.3230297042922983, 1.3239980312650692, 1.3246089245382953, 1.3248662582845183, 1.324774571498149, 1.3243377874721203, 1.3235580150038109, 1.3224431307767253, 1.320993107178313, 1.3192193597199475, 1.317118479529337, 1.3146971153472178, 1.3119639840949722, 1.308914378396742, 1.3055698720721791, 1.3019250251309975, 1.2979853550232923, 1.2937654625054789, 1.2892672257503817, 1.284504789770291, 1.2794778668013853, 1.2742077290887357, 1.268690454522079, 1.262935600686741, 1.2569482381577464, 1.250742958165307, 1.2443183072507926, 1.2376874913619238, 1.230854709420977, 1.223829795414793, 1.216617952792567, 1.209228246554722, 1.201666650311398, 1.1939412650992827, 1.186060622496675, 1.178030920287095, 1.16985815099138, 1.1615525460534561, 1.1531158427987682, 1.1445565006483696, 1.1358753030741502, 1.1270838558527982, 1.1181774515068836, 1.1091693649373893, 1.1000400412609848
0.7193715441782862, 0.737185548394419, 0.7548703965452495, 0.7724207492672504, 0.7898242697229074, 0.8070778532576233, 0.8241652326583209, 0.8410816800751713, 0.8578165541300669, 0.8743601670788523, 0.8907236259119307, 0.9069509098735411, 0.9230302072401058, 0.9389638158471909, 0.9547296753405172, 0.970324613668498, 0.9857308555089874, 1.0009354846214444, 1.0159176364991191, 1.0306551451215133, 1.0451392374919992, 1.0593650584729, 1.0733460501347265, 1.0870802693963695, 1.1004885443959749, 1.1135421804814216, 1.126233610342804, 1.138542259573586, 1.1504577074872318, 1.1619731720916624, 1.1730871055221312, 1.1837987330022761, 1.1941082477438796, 1.204018581207687, 1.2135198343932307, 1.2226128045093416, 1.2313027838429447, 1.2395960510324384, 1.2474926386495175, 1.2549913218002322, 1.2620959525078375, 1.268804170394417, 1.2751182605033788, 1.2810391053297598, 1.286565132520539, 1.2917047635629073, 1.2964538197572635, 1.300816066937979, 1.3047950792029388, 1.3083908595743017, 1.3116064587031948, 1.3144444507002886, 1.3169098245319963, 1.3190039792319608, 1.3207313740167796, 1.3220949193226685, 1.323095994911486, 1.3237415449071355, 1.3240321490737292, 1.3239745877797047, 1.3235711605157432, 1.3228259209959736, 1.3217421322797582, 1.3203272569390583, 1.3185815018649683, 1.3165155994986604, 1.3141264253894596, 1.3114267276342124, 1.3084153254543365, 1.3050996966160744, 1.301480975899497, 1.2975724338863683, 1.2933825866146895, 1.2889104244391651, 1.2841691823539767, 1.2791682579258241, 1.2739160073685474, 1.2684167827187016, 1.2626807213904874, 1.2567151087621538, 1.2505243028649735, 1.2441207098805647, 1.2375053769709465, 1.2306917482621165, 1.2236820533108412, 1.2164868155407573, 1.2091099082984007, 1.2015665581760677, 1.193858239041261, 1.18599344621419, 1.1779757140938605, 1.1698237491962997, 1.1615356254012879, 1.1531188830202863, 1.144580553857792, 1.1359217866718714, 1.1271540866719745, 1.1182775252827666, 1.1092987655817792, 1.1002129815557025
0.7190708199629041, 0.7368557512146454, 0.7545119222371452, 0.772023017344913, 0.7893869912550793, 0.806593537540583, 0.823637071800154, 0.8405054902450848, 0.8571909918977179, 0.8736836805913262, 0.8899762649464629, 0.9060634565218075, 0.9219520849929497, 0.9376879085067715, 0.9532559802397769, 0.9686519173628882, 0.983866409129992, 0.9988919543629207, 1.0137115447399134, 1.0283199840277097, 1.0426921659825785, 1.0568113594373036, 1.070672063949563, 1.084259880481114, 1.097585618591725, 1.1106484344329894, 1.1233816111411885, 1.1357547738746243, 1.1477579342061182, 1.1593697249850718, 1.1705755929740915, 1.1813792753858676, 1.1917735812110228, 1.2017634903593182, 1.2113496184453494, 1.2205254113360082, 1.2292895461732973, 1.2376439379065465, 1.2456032891015374, 1.2531618840366532, 1.2603219128357521, 1.2670851592601506, 1.2734537079103374, 1.279425553848145, 1.2850043865653573, 1.2901900314865271, 1.294985460355682, 1.2993944228052383, 1.3034162226641177, 1.3070558370603207, 1.3103120677217452, 1.313191558894018, 1.3156962917396546, 1.3178262806985606, 1.3195911887181273, 1.3209898310883785, 1.3220263400104235, 1.3227051561866743, 1.3230320214304525, 1.3230068623515967, 1.3226350602794552, 1.3219222499066268, 1.3208708939764682, 1.3194863461891648, 1.3177755299014882, 1.3157360228131223, 1.313382215977028, 1.3107129875267125, 1.3077333781619798, 1.3044450717559917, 1.3008655053181704, 1.296986121509188, 1.2928234471274989, 1.2883782842201255, 1.2836574589669096, 1.2786806707273746, 1.2734503122179737, 1.267971132989337, 1.2622532910919935, 1.2563054907584776, 1.2501316992705886, 1.2437470097161052, 1.2371493885450162, 1.230349729867231, 1.2233588907032376, 1.2161771750505421, 1.2088196316119584, 1.2012911857557205, 1.1935980362846328, 1.1857484250141175, 1.17774897408552, 1.169610349552399, 1.161337247798829, 1.1529404009002304, 1.1444182067193536, 1.135784113113707, 1.1270404392623083, 1.1181881006654235, 1.1092360787049413, 1.1001886257816293
0.7187195007119351, 0.736486068246097, 0.7541130293077893, 0.7715943068862599, 0.7889227969611143, 0.8060910509261712, 0.8230860482050675, 0.8399126522446894, 0.8565507306491726, 0.8729949468259237, 0.8892370553656219, 0.9052735678432482, 0.9210936276620023, 0.9366814804936281, 0.9520699105740791, 0.9672749869485413, 0.982298025705286, 0.9971286877994556, 1.0117658381778396, 1.0261960513115929, 1.0404087929972468, 1.0543945948558298, 1.0681373848710605, 1.0816202516249573, 1.0948316869511752, 1.1077666425210806, 1.1204224924866653, 1.132800838640116, 1.1448436124018242, 1.156527429196081, 1.1678227615544605, 1.178717290471261, 1.1892064205181887, 1.1992839324467317, 1.2089523470112082, 1.2182117255989366, 1.2270593037741433, 1.2354920688921416, 1.243515001062348, 1.2511362500339933, 1.2583557441727846, 1.2651762110307692, 1.2715993603359896, 1.2776247133959506, 1.2832558721663778, 1.2884929854012404, 1.2933382791676697, 1.2977918700903706, 1.3018612265059302, 1.3055448500234617, 1.3088392294931337, 1.3117633719363786, 1.3143112100980074, 1.3164810141138892, 1.318280694663179, 1.3197147258698143, 1.3207861151591684, 1.3215002077026226, 1.3218597162746297, 1.3218696628435884, 1.3215326070847757, 1.3208518507896292, 1.3198310966607059, 1.318478704012512, 1.3167974623404666, 1.314792556155079, 1.3124673271038239, 1.3098284262261926, 1.3068771407824995, 1.3036254272741195, 1.3000716067826827, 1.2962254257353214, 1.2920897008603296, 1.2876693145489488, 1.28297991422314, 1.2780224991171236, 1.2728097886851186, 1.2673507102908195, 1.2616534520331149, 1.2557240539849017, 1.2495684172479988, 1.2431991365676636, 1.236618608328981, 1.2298376545477323, 1.222860818372296, 1.2156963497233368, 1.2083550845197406, 1.2008370303363476, 1.193163677028287, 1.185328200932882, 1.177347703731356, 1.169224187124306, 1.1609680715079405, 1.1525849077423578, 1.1440826359576262, 1.1354682025308653, 1.1267473502267213, 1.117919254189455, 1.1089928621504397, 1.0999752085589263
0.7183104195414289, 0.7360606769042422, 0.7536684335187234, 0.7711242919445729, 0.7884244313343425, 0.8055563175848368, 0.8225173700829833, 0.8392987900698872, 0.8558914525541921, 0.8722904182630105, 0.8884855286883431, 0.9044710100987965, 0.9202358794430774, 0.9357801779268238, 0.9510898682770632, 0.9661571271043501, 0.9810010345163063, 0.995650478860596, 1.0100988022480832, 1.0243432864496418, 1.0383740389123615, 1.0521857776409425, 1.0657686687764025, 1.0791117995371797, 1.0922042480611465, 1.105032587497834, 1.1175817380843887, 1.1298474374995235, 1.14182270774426, 1.1535041442326373, 1.1648431313622671, 1.1758173163668664, 1.1863931383344513, 1.1965635212537178, 1.206320612214049, 1.2156664733396338, 1.2246015612830616, 1.2331157295955277, 1.241215461750012, 1.2489055345127928, 1.2561913015622954, 1.2630724753779274, 1.2695527963644713, 1.2756356407058993, 1.2813193739547044, 1.2866098889059492, 1.291506446649609, 1.2960103547570077, 1.300126855510018, 1.3038556939619559, 1.307200959758826, 1.3101635349734044, 1.3127499620183647, 1.3149611320361094, 1.3168012932764048, 1.3182718475048985, 1.3193827635479556, 1.320131391930203, 1.320524645402485, 1.320567166338157, 1.3202611622301772, 1.3196129956991731, 1.3186248233428506, 1.3173007850061884, 1.3156510788791733, 1.313675122487008, 1.3113797560387601, 1.3087691467626952, 1.3058518291100318, 1.3026281002198123, 1.2991042421207544, 1.2952864902410104, 1.291180529446538, 1.286791686557609, 1.2821262260120134, 1.2771917050078434, 1.2720022064523269, 1.2665627166699123, 1.2608832621126131, 1.254972157231939, 1.2488353119651974, 1.2424811849886224, 1.2359186336770263, 1.22914997334217, 1.2221933065609276, 1.2150456145491644, 1.2077179903141362, 1.200220332515019, 1.1925577999180552, 1.1847391538785308, 1.1767724801627386, 1.1686649879448394, 1.1604254254340267, 1.1520590836153337, 1.1435732808924497, 1.1349786804640756, 1.1262797229381958, 1.1174735653403927, 1.1085771811419027, 1.0995847385052562
0.7178263593955778, 0.7355665074026261, 0.7531625537978792, 0.770601105442009, 0.7878742995073305, 0.8049830762635422, 0.821910739207758, 0.8386552585363782, 0.855208254820135, 0.8715653002212802, 0.8877143268659973, 0.9036518784022816, 0.9193680190591964, 0.9348603006973795, 0.9501138939481413, 0.9651334859576606, 0.9799043661691789, 0.9944197584523407, 1.0086958193206312, 1.0227597733328002, 1.036607769623319, 1.0502359104726144, 1.0636410752925363, 1.0768147484472506, 1.0897470026296459, 1.1024345131064655, 1.114860427665561, 1.1270156677413032, 1.1388849864381596, 1.1504675382776446, 1.1617523340640572, 1.1727228459398402, 1.1833536601716679, 1.1936031441134736, 1.2034504291611894, 1.2128858975540693, 1.2219063669085868, 1.2305110914775232, 1.2386965386304274, 1.2464629552467512, 1.2538173330898656, 1.260767171593634, 1.2673095159900383, 1.2734488500331613, 1.279192265050745, 1.2845365275853906, 1.2894862959494118, 1.294042749961732, 1.2982073913368515, 1.3019843019183304, 1.3053742788465597, 1.3083843467535017, 1.3110137284509333, 1.313266860173644, 1.3151463211469538, 1.316657529359179, 1.317801965118039, 1.3185889816075358, 1.3190175084152065, 1.3190931688517074, 1.3188204860894137, 1.3182037304546759, 1.317249510754393, 1.3159577425925617, 1.3143364615576933, 1.3123903372777113, 1.3101251079555984, 1.3075455160875462, 1.3046549118683108, 1.3014594863835844, 1.297965416635864, 1.294175400353736, 1.2900992686140986, 1.2857393928378107, 1.2811013174930137, 1.276191210730988, 1.2710232099566303, 1.2656052850196984, 1.2599454879565135, 1.2540523997261657, 1.2479332696280556, 1.2415969739673072, 1.2350512835700007, 1.2283021807600418, 1.2213533579105968, 1.2142247109156328, 1.2069133146281272, 1.1994304807320715, 1.1917798491899019, 1.183979820788987, 1.1760287122033182, 1.167937559066444, 1.1597136678869466, 1.1513646261746748, 1.142896750574347, 1.1343194911532697, 1.1256401490886097, 1.1168561679249285, 1.107984895518686, 1.0990206865212526
0.7172671530710035, 0.7350030526893603, 0.7525859867102733, 0.770012408059535, 0.7872731668025716, 0.8043574420754451, 0.8212611301166968, 0.8379758242936441, 0.8544938229815555, 0.8708077162436316, 0.8869162646086854, 0.9028079176858919, 0.918479094503172, 0.9339195555763977, 0.9491279665711287, 0.9640934820622951, 0.9788083974799227, 0.993271857852501, 1.0074750773439325, 1.0214078018287998, 1.0350929251481693, 1.0485440324489579, 1.061774034019133, 1.0747695052752801, 1.0875292087149324, 1.1000436648782985, 1.1123119128658727, 1.1243213469400137, 1.1360691415039517, 1.1475364141205686, 1.1587176085208872, 1.169603450690146, 1.1801832048328178, 1.1904410138132056, 1.2003474630160254, 1.209866955672907, 1.2189771929217548, 1.227668212913474, 1.2359444198622667, 1.2437950034956904, 1.2512265705099876, 1.2582503108882994, 1.2648604569356499, 1.2710662125605863, 1.2768674263454498, 1.2822688777402602, 1.2872731416191696, 1.2918846554868955, 1.2961010746894202, 1.2999281192498726, 1.303368137038933, 1.3064241066534157, 1.3090980495723512, 1.311394945625863, 1.3133160409873836, 1.3148678889883483, 1.3160514044823932, 1.3168736132894123, 1.3173382185385796, 1.3174493036542847, 1.3172100058328224, 1.3166288501752659, 1.3157053368368983, 1.314445630973661, 1.3128545420689468, 1.310940141520816, 1.3087022844755714, 1.3061510870535384, 1.3032892694676397, 1.3001221722670726, 1.2966568909518044, 1.2928949649182426, 1.2888456895016018, 1.2845133360564907, 1.279901920090171, 1.275022347109874, 1.2698770114121052, 1.264481197324037, 1.2588396580542556, 1.2529618470411696, 1.2468625235906918, 1.2405421637272687, 1.2340134839688544, 1.2272825074230083, 1.2203533901373396, 1.2132382924045713, 1.2059441784825493, 1.1984756827548493, 1.1908436659623929, 1.1830584937975805, 1.1751221984632627, 1.167045843784524, 1.1588378745016774, 1.1505031899478473, 1.1420531427715543, 1.1334928147548373, 1.1248311319385484, 1.116072438833391, 1.1072209717484922, 1.0982843365777297
0.7166249296504761, 0.7343586058346512, 0.7519345871729568, 0.7693525299973496, 0.7865999190443445, 0.803665765434519, 0.8205514719638716, 0.8372434667488102, 0.8537329025070806, 0.8700136378504046, 0.8860848672091715, 0.9019365399117403, 0.9175661824212389, 0.9329604629149548, 0.9481171959204238, 0.9630308727886918, 0.9776974261146405, 0.9921071926011562, 1.0062554821397276, 1.0201362815235582, 1.0337474746151072, 1.0470825182184589, 1.0601475766730095, 1.0729699894713987, 1.085554937780496, 1.0978968806708798, 1.1099916831398842, 1.1218350962340784, 1.1334246482341106, 1.1447471215955387, 1.1557976792986038, 1.1665706270999072, 1.1770498152640654, 1.1872299278479224, 1.197094830258549, 1.2066334679353323, 1.2158099787594123, 1.2245878293131502, 1.2329493901936877, 1.2408962018701706, 1.2484109470398286, 1.2555086199934413, 1.2621964356993614, 1.2684701943644852, 1.274341812337691, 1.2798041868848022, 1.2848659021495292, 1.2895316114836701, 1.2938032419788241, 1.2976831387439054, 1.3011729780665382, 1.3042781610811387, 1.306999060365217, 1.3093410545037782, 1.3113069521043768, 1.3129004761006433, 1.3141265041278976, 1.3149858970861947, 1.3154889463644492, 1.3156363440390448, 1.315431462761075, 1.3148814091900283, 1.313991059933449, 1.3127638005254054, 1.311204883756452, 1.309319802822265, 1.3071127830639986, 1.3045898009399357, 1.3017563127629677, 1.2986178546489517, 1.2951788503907649, 1.2914466476491873, 1.2874232235507987, 1.2831184102480035, 1.2785356935750718, 1.2736825655763075, 1.2685636258522974, 1.2631859864768158, 1.2575673125149, 1.2517124960917263, 1.245628406634867, 1.2393276825624389, 1.2328165127092516, 1.2261012286819755, 1.2191896559703634, 1.2120893092378706, 1.204808218305625, 1.1973579784224446, 1.189742396808593, 1.181972767001965, 1.1740493302128518, 1.1659923177737666, 1.1577990928105768, 1.1494821291782484, 1.1410496821063019, 1.1325078285930834, 1.12386277848353, 1.1151271873549673, 1.1063009710729323, 1.0973878348232722
0.7158936763904, 0.7336272116753966, 0.751206166093719, 0.7686173085220416, 0.785851952328664, 0.8029136440505455, 0.8197785869534835, 0.8364509224059722, 0.8529175755303493, 0.869172005716055, 0.8852119420925488, 0.9010318562088022, 0.9166172709954727, 0.9319700588290933, 0.9470808756418263, 0.9619483896510159, 0.9765654008872771, 0.9909235981050939, 1.005018922135167, 1.018846224994845, 1.0324002025533003, 1.0456770447956272, 1.058673086863922, 1.0713806601531948, 1.0838105070310382, 1.0959857290900308, 1.1079065453230745, 1.119580656765403, 1.1309966045947837, 1.1421592026096432, 1.1530523804679396, 1.1636774464213273, 1.1740258014914167, 1.1840921117906928, 1.1938629160202074, 1.2033289743934743, 1.212475073870265, 1.2212847285670092, 1.229722560446926, 1.2377542579069454, 1.2453626601293477, 1.2525458982175968, 1.259309878932835, 1.2656600045226112, 1.2716021553928547, 1.277127857617617, 1.2822596854180643, 1.2869825762002192, 1.291310169181961, 1.2952445384590225, 1.2987867025475905, 1.3019432915738838, 1.3047131229466578, 1.307102134470493, 1.3091152369554626, 1.3107524320010517, 1.3120214380291513, 1.3129242571181612, 1.313465290587419, 1.3136487249131674, 1.3134804792008579, 1.312963994898971, 1.3121075414240222, 1.3109122807224827, 1.309386507739279, 1.3075315021351406, 1.305353636029678, 1.3028605371609165, 1.3000554603803343, 1.2969445151528047, 1.2935345980933333, 1.289829727873129, 1.2858343265967944, 1.2815558195968846, 1.2770001377451399, 1.2721737219982066, 1.2670818462410933, 1.2617276512853612, 1.2561304107116156, 1.2502948289667009, 1.244230126785232, 1.237948716511645, 1.2314534300912632, 1.2247542228286141, 1.2178619449682904, 1.2107789896403949, 1.2035148207419608, 1.1960811235263256, 1.1884790948604609, 1.1807233823672538, 1.172821136552705, 1.1647778947746898, 1.1566027050832295, 1.1483021742426116, 1.139887265569178, 1.1313589103066368, 1.1227372982230674, 1.1140199985436672, 1.105216641928222, 1.0963298989113133
0.7150708799926475, 0.7328072739653555, 0.7503876212573113, 0.7677956438125877, 0.7850296353279509, 0.8020752826302724, 0.8189331825963029, 0.8355884160005465, 0.8520370299894333, 0.8682715231738767, 0.8842842126760919, 0.9000702064222734, 0.9156260167392487, 0.9309418300465095, 0.9460153988136915, 0.9608360011181594, 0.9754033629403329, 0.9897153981013807, 1.0037576543230768, 1.0175340438704152, 1.0310335231518186, 1.0442556703299415, 1.0571934068173219, 1.0698448056970262, 1.0822049870089918, 1.0942715891279517, 1.1060437309600522, 1.1175545459120562, 1.1288039508487229, 1.1397938792685762, 1.1505203941372235, 1.1609830554812275, 1.1711755083894557, 1.1810925214774306, 1.190732081961591, 1.2000846204847333, 1.209139527393602, 1.217885627551829, 1.22630491728843, 1.2343832471704266, 1.242076032706314, 1.2493459277521621, 1.2561938376026367, 1.2626257510918029, 1.2686429701623956, 1.2742473400943224, 1.27944239220174, 1.2842323733472218, 1.2886206975916386, 1.2926102778917672, 1.2962082473106866, 1.299416362711649, 1.3022388233435462, 1.3046782599601512, 1.3067380695665198, 1.3084233248690031, 1.3097351808064266, 1.310680222601877, 1.3112623563430317, 1.3114861885153664, 1.3113552408844376, 1.310875079870427, 1.3100530893472095, 1.3088916306883354, 1.3073971449941402, 1.3055744683877029, 1.3034279931095112, 1.3009642129146775, 1.298188517007186, 1.2951054027277413, 1.2917237328699427, 1.2880445961506188, 1.28407719506514, 1.2798263890188997, 1.2752965521565214, 1.2704957403646224, 1.2654299630545358, 1.2601050375196783, 1.2545264077271154, 1.248713121669236, 1.2426680143315947, 1.2364051230086224, 1.229928560671989, 1.2232473772570271, 1.2163726373731363, 1.2093061619711731, 1.2020589354703857, 1.1946419059333016, 1.1870572214186472, 1.1793190839847751, 1.1714332316232037, 1.1634060849746843, 1.1552481370833148, 1.146964215713047, 1.1385643424044742, 1.1300615542850059, 1.1214548452766833, 1.1127577954971803, 1.1039749021931753, 1.0951146690773639
0.7141536377489262, 0.7318939640114115, 0.7494723882443592, 0.7668847223734394, 0.7841125616527984, 0.8011547684216547, 0.8180035074317837, 0.8346459311720915, 0.8510821426574582, 0.8672984091728333, 0.8832917922474257, 0.899053609604386, 0.9145796316013834, 0.9298641831076102, 0.9449016238817434, 0.9596839716600511, 0.9742117651560234, 0.9884755861141157, 1.0024717893536765, 1.0161910221123973, 1.029643810511387, 1.042812695767469, 1.0556923506602116, 1.068288973347559, 1.0805900085638411, 1.092594533616725, 1.1043030529612095, 1.115710820963634, 1.126812687784649, 1.137643885610344, 1.1482030963316658, 1.1584988132286105, 1.1685298305533562, 1.1782860461997116, 1.187768458460094, 1.19697411067754, 1.205899900976724, 1.2145340565850153, 1.2228669930233016, 1.2308865053342926, 1.2385792998151883, 1.2459140189834796, 1.2528450043952999, 1.2593593361250646, 1.2654564559460608, 1.27113972249668, 1.2764084424553372, 1.281269799212608, 1.2857244274619672, 1.289777097950739, 1.2934328971290396, 1.2966956287396831, 1.2995716747522534, 1.3020629370131678, 1.3041718601942085, 1.3059043757956585, 1.307262490377357, 1.3082535839176677, 1.3088794553960907, 1.3091445288067645, 1.3090529682830256, 1.3086111401232854, 1.3078245982569845, 1.306698244816288, 1.305237029661984, 1.303447484772419, 1.301329470734692, 1.2988995920982793, 1.2961524023999393, 1.293097594684876, 1.2897435105474058, 1.2860934706311147, 1.2821531839242502, 1.2779295312818872, 1.2734267865300408, 1.2686526779118585, 1.2636129854361995, 1.2583143456453838, 1.2527622177056825, 1.2469672287828457, 1.2409418187764123, 1.2346988978670863, 1.2282434025147486, 1.221580903204571, 1.2147231310441695, 1.2076766204369376, 1.2004463970743862, 1.193046214853843, 1.1854800073514502, 1.1777586977174428, 1.1698881541666166, 1.161879068683958, 1.1537366782642975, 1.145472094393372, 1.1370907943013533, 1.1286061039432864, 1.1200198403918575, 1.1113426419422288, 1.1025804747018197, 1.0937438932448265
0.7131348711092249, 0.7308799623519322, 0.7484644789120614, 0.7658745022377227, 0.7831031931598273, 0.8001411635349873, 0.8169882854138271, 0.8336222699770603, 0.8500433384652473, 0.8662474317894491, 0.8822213120523505, 0.897965622327809, 0.9134692138253255, 0.9287254707927692, 0.9437305027227358, 0.9584821665638463, 0.9729726476493488, 0.9871957898314134, 1.0011482142161787, 1.0148259373284096, 1.0282253273744315, 1.041342373560762, 1.054171634934316, 1.0667095718783797, 1.078955233399312, 1.0909024319069252, 1.1025496390433487, 1.1138944135549478, 1.1249339339500173, 1.1356631604725917, 1.1460900511201393, 1.1562285381141022, 1.1660918448589426, 1.1756820224331141, 1.1850042923054813, 1.194050164594052, 1.2028187912531711, 1.2113081344447592, 1.2195124513846656, 1.2274277908484867, 1.2350355069397478, 1.242327594271063, 1.2492867278606417, 1.255866499912254, 1.2620408368661726, 1.2678036652837248, 1.2731501305162736, 1.278087040180167, 1.2826135827758547, 1.2867352004258725, 1.290454069960563, 1.2937751261769064, 1.2967072791988405, 1.2992528766231812, 1.3014147613274316, 1.3031974290678958, 1.3046048851273104, 1.305642059255539, 1.3063115987496827, 1.306620993095172, 1.306571542278209, 1.3061696074317792, 1.3054220271040675, 1.3043302210127932, 1.3029048387398054, 1.3011481232183177, 1.299066409648904, 1.2966651045593336, 1.2939491531589828, 1.2909244316581043, 1.2875975833803244, 1.2839758449559424, 1.280063407283719, 1.2758655352502926, 1.2713904595920331, 1.266643528240837, 1.2616299982369332, 1.2563559292931599, 1.2508305277451717, 1.2450605534993704, 1.239054811809722, 1.2328328338046353, 1.226395626374294, 1.21975390133366, 1.2129155204037074, 1.205887472495145, 1.1986735540942233, 1.191292118053151, 1.1837469396743385, 1.1760430413510887, 1.1681894513628697, 1.1601980797022646, 1.1520743156618378, 1.143828501101459, 1.1354671806631123, 1.1269994964050651, 1.1184317431681476, 1.1097740606559219, 1.1010368468448979, 1.0922234765948167
0.7120231856477952, 0.7297684662237041, 0.7473513984663382, 0.7647667345006566, 0.7819953091095266, 0.7990350547542571, 0.8158724630702094, 0.8325037439224383, 0.8489178038823022, 0.8651120028288384, 0.8810729119424243, 0.896798613700649, 0.9122829716089553, 0.9275171715443475, 0.9424998961487878, 0.9572202346969609, 0.971677277457693, 0.9858642318904414, 0.9997781850120395, 1.0134141281455156, 1.0267689926637749, 1.0398358077996042, 1.0526173581463594, 1.0650980532779277, 1.077295302825937, 1.0891865169232409, 1.1007762523627092, 1.1120594763677643, 1.1230370754072672, 1.1337032037312431, 1.1440620351383322, 1.154110054636198, 1.163844662238037, 1.1732815880222942, 1.182442125907861, 1.1913249219320639, 1.1999280148162716, 1.2082610833587237, 1.216310868258403, 1.2240830140684968, 1.2315701510780732, 1.238760476230083, 1.2456383434173999, 1.2522031400096578, 1.2584161283187774, 1.264245001515902, 1.2696688280845576, 1.274681491240318, 1.2792818359281481, 1.2834745400508458, 1.2872634449176656, 1.2906517507888138, 1.2936452452198912, 1.2962454985195135, 1.2984618153534369, 1.3002968774962858, 1.3017555361126645, 1.302839685048073, 1.3035579437979363, 1.3039111686782077, 1.3039074681279095, 1.303548924956714, 1.3028405446584683, 1.301788093771889, 1.3003984072799808, 1.2986752628844505, 1.296628879003964, 1.2942589408551397, 1.291574992908937, 1.2885804226898285, 1.2852855278922197, 1.2816913605717337, 1.2778070643295854, 1.273635436078492, 1.2691883540087643, 1.2644678847494921, 1.2594801108417917, 1.2542336454304737, 1.248734935203898, 1.2429883656001541, 1.237007655875085, 1.2308049852292617, 1.224389420820084, 1.2177652950336606, 1.2109486781500918, 1.203938838139929, 1.1967482378434573, 1.1893840926089245, 1.1818556468942765, 1.1741719426924417, 1.1663403893765034, 1.1583652222853926, 1.1502607767817343, 1.1420347149643844, 1.1336909231592882, 1.1252445702385847, 1.116698634690752, 1.1080599560378515, 1.0993469859809428, 1.0905552833487588
0.7108095003555137, 0.728554873728565, 0.7461409505034586, 0.7635532276912231, 0.7807865797185345, 0.7978272313309942, 0.8146647773554596, 0.8312920380221565, 0.8476999851300464, 0.8638851149719686, 0.8798360349962051, 0.8955490048719339, 0.9110128133314097, 0.9262260738085457, 0.9411907730598648, 0.9558891525852315, 0.9703176505667193, 0.984475012040174, 0.9983529546073084, 1.011952239254323, 1.025266945725174, 1.0382902496845814, 1.0510229293357574, 1.0634604115725343, 1.0756024345204258, 1.0874393745735444, 1.0989729688617471, 1.1102007092165946, 1.1211161735024282, 1.1317255338772148, 1.1420208618912886, 1.1520026681997733, 1.1616696485606743, 1.1710199882753818, 1.1800559395213623, 1.1887843541500045, 1.1972323612067433, 1.2054025221808677, 1.2132926428734327, 1.220907480542901, 1.2282421377941253, 1.2352947350546257, 1.2420600052994883, 1.2485252800905924, 1.2546782728260544, 1.2605077702023975, 1.265973088113408, 1.2710540129502794, 1.275730149782425, 1.2799969077059705, 1.2838596630583359, 1.287317608628384, 1.2903757037124164, 1.2930410764692821, 1.2953136358198405, 1.2972023640896415, 1.2987125029110187, 1.29984852228906, 1.3006143724772121, 1.301015574342709, 1.3010563931345471, 1.3007422013676821, 1.3000756139315746, 1.2990644111974126, 1.2977146103841113, 1.2960287878687202, 1.2940142794386373, 1.2916821138584025, 1.2890309308769359, 1.286068633374497, 1.2828030949727092, 1.27923883121242, 1.2753824664999476, 1.2712412690402521, 1.2668190217303943, 1.262126552709371, 1.2571646436802828, 1.2519440235884813, 1.2464719415071661, 1.2407529521569094, 1.2347967167522595, 1.2286162536719898, 1.2222233151573496, 1.215623162429952, 1.2088219003594736, 1.2018362649459595, 1.1946641545369152, 1.1873232969826502, 1.1798134339875395, 1.1721486476916168, 1.1643347446746395, 1.1563830328521005, 1.1482970230749663, 1.1400889480105318, 1.1317658050200192, 1.123337932189794, 1.1148170420662664, 1.1062046375758383, 1.0975111943137383, 1.0887441737338923
0.7094954024145119, 0.7272429981794337, 0.74482707415397, 0.762236984396595, 0.7794723638765211, 0.7965087528113637, 0.813348087972332, 0.8299749802223717, 0.846380796099429, 0.86255921867214, 0.8785040269277102, 0.8942041112678458, 0.9096598920352532, 0.9248604281903665, 0.9398004526703039, 0.9544771704341093, 0.9688821259739617, 0.9830123678167402, 0.9968625951346182, 1.0104285235911723, 1.0237065036955277, 1.0366923174838858, 1.049382129152078, 1.0617753178510716, 1.0738674427402506, 1.0856562082674541, 1.0971379333170388, 1.1083096452035361, 1.1191713966101977, 1.1297201098115606, 1.1399528090435629, 1.149872569323942, 1.159474161705428, 1.1687615023148181, 1.1777229403468779, 1.186376601037881, 1.1947068049639311, 1.2027270946818858, 1.2104600404656294, 1.217917082905699, 1.225088000150591, 1.2319849114599775, 1.2386014881669452, 1.24493986202351, 1.2509836833600785, 1.2567231056133243, 1.2621522711294935, 1.267242596382082, 1.2719629420132454, 1.2763018618618487, 1.2802346217498615, 1.2837651659961287, 1.2868910990635483, 1.289624972031283, 1.2919618773718318, 1.2939116159281623, 1.2954764429842411, 1.2966631446041275, 1.2974808222411687, 1.2979297922468893, 1.298018883284164, 1.2977494201588007, 1.297126541112017, 1.2961593911085556, 1.2948476422668547, 1.2932029158432519, 1.2912278642793344, 1.2889282142279255, 1.2863098643124635, 1.2833845836524196, 1.2801495528444091, 1.2766170682567077, 1.2727909098927048, 1.2686773373943678, 1.2642854399785248, 1.2596195383467785, 1.2546868954659187, 1.249494158943956, 1.2440450727393673, 1.2383539851860723, 1.2324228544441338, 1.2262678505335805, 1.2198967746211862, 1.2133184092804958, 1.2065413654871149, 1.199577253475467, 1.1924256760973142, 1.185104586262848, 1.1776192214195467, 1.169975603755911, 1.162183203856979, 1.154250946698446, 1.1461870649491734, 1.137997192723378, 1.1296965708950841, 1.1212931564754056, 1.1127918641739916, 1.1042017822218098, 1.0955291342205724, 1.08679023797428
0.7080778031489059, 0.7258229506150551, 0.7434094436679937, 0.7608193385504718, 0.7780494867698229, 0.7950863635663294, 0.8119227871234651, 0.8285493775927693, 0.8449513230967574, 0.8611269239464141, 0.8770673998643472, 0.8927634062582674, 0.9082073437907949, 0.9233947514020739, 0.9383223045541831, 0.9529780636481986, 0.9673638300670175, 0.9814722717333977, 0.995296296522219, 1.0088319613995678, 1.022079745028619, 1.0350301204069856, 1.0476830834165929, 1.0600356594770401, 1.0720844633690012, 1.0838248382992708, 1.0952591131338023, 1.1063785239391732, 1.1171889095451268, 1.127681807566197, 1.1378563485844344, 1.1477161168512557, 1.1572575874193403, 1.1664790524628676, 1.1753793530670427, 1.1839609451879687, 1.192222464492846, 1.2001646726466317, 1.2077884164122095, 1.2150946444093078, 1.2221153725055762, 1.228852893982956, 1.235311550471084, 1.2414968450780597, 1.2473990563060218, 1.2530164219342508, 1.258341718892317, 1.2633608862960903, 1.2680609090658441, 1.272412656147135, 1.2763985932573467, 1.2799961196394163, 1.2831942324234964, 1.285994809419324, 1.2884000581327752, 1.2904116522016116, 1.2920404777384986, 1.2932863554107596, 1.2941559437145669, 1.2946560248659642, 1.2947921201685757, 1.2945708998864296, 1.2939926962142563, 1.2930702772203757, 1.2918027470437883, 1.2901976753469233, 1.288260263758203, 1.2859988814495855, 1.2834180121795162, 1.2805248147171566, 1.2773254078346126, 1.273823943543639, 1.270028817356784, 1.2659471744579944, 1.2615843684741312, 1.256947177629761, 1.2520421712752308, 1.2468758154346338, 1.2414553487171451, 1.2357891528987173, 1.2298878710738697, 1.2237574399850635, 1.2174102358013377, 1.210857768327549, 1.204104645698549, 1.197161119378353, 1.190035819748256, 1.182736577063415, 1.1752709551876306, 1.1676489854471965, 1.159880360928649, 1.1519694259070823, 1.1439285408294593, 1.1357617932599835, 1.1274864124908666, 1.119101940112393, 1.1106239218651899, 1.102055443971362, 1.0934109761776787, 1.0846959364371243
0.7065575094729413, 0.7242979124733546, 0.7418818258623974, 0.7592899485584637, 0.7765197154884911, 0.7935545486303655, 0.8103891939865049, 0.8270130714478432, 0.8434154351502476, 0.8595866121358382, 0.8755220042832965, 0.8912098936892354, 0.9066500635177226, 0.9218293064691805, 0.9367431198723812, 0.9513873761606915, 0.9657544793340831, 0.9798411344391154, 0.9936447339828645, 1.0071563236571128, 1.0203746527324453, 1.0332952235144175, 1.0459162938597855, 1.058232866431612, 1.0702416329775728, 1.0819414894393118, 1.0933290546702237, 1.1044036073344499, 1.115162783856145, 1.1256032523616382, 1.1357240249805, 1.145526023272498, 1.1550064581454782, 1.1641666542979712, 1.173005599438862, 1.181521675476552, 1.1897130400120188, 1.1975890986937143, 1.2051430054952261, 1.2123754281754833, 1.219286814235395, 1.2258860618886471, 1.232190538460773, 1.238217480347962, 1.2439664006474294, 1.2494383783171683, 1.2546299707722097, 1.2595295254968617, 1.2641392408144432, 1.268442302392347, 1.2724132135660247, 1.2760345283530965, 1.2792863075834608, 1.2821524660172328, 1.2846249867633892, 1.2867052917570332, 1.2883978535853045, 1.2897041735365553, 1.2906342383928324, 1.2911891064922036, 1.2913765726878799, 1.291202857576855, 1.2906743582135176, 1.28979606004967, 1.2885734136627525, 1.2870110349672528, 1.2851137301701447, 1.282891455214357, 1.2803487617991456, 1.2774907067728902, 1.274326102261731, 1.2708582065691507, 1.267096272946012, 1.2630455763064417, 1.2587127934091127, 1.2541063856331212, 1.2492304460972141, 1.2440941333025597, 1.2387024360501533, 1.2330649424632218, 1.2271895833388866, 1.221085932308628, 1.2147648608910435, 1.2082366048631483, 1.2015090678427631, 1.1945895404639577, 1.187490145791073, 1.1802147039934772, 1.1727722881240146, 1.1651746052706775, 1.1574294643442213, 1.1495426737881855, 1.1415235782623894, 1.133383222008141, 1.1251279350207453, 1.1167695302895586, 1.108314282195507, 1.0997742752124209, 1.0911526386760206, 1.082463290719537
0.7049315742158724, 0.7226660183754534, 0.7402440390996068, 0.7576500514177953, 0.7748761375646565, 0.7919126088561237, 0.8087424989310774, 0.8253632136650486, 0.841761438722096, 0.8579307804798217, 0.8738635341275396, 0.8895491511358271, 0.9049805183647761, 0.9201530685133568, 0.9350572994839359, 0.949690953362885, 0.9640452522969047, 0.9781165851686167, 0.9919018729141014, 1.0053932593659018, 1.0185864862524658, 1.0314813953359794, 1.0440732613464219, 1.0563576367781407, 1.0683310338334762, 1.0799925104686308, 1.091339265630146, 1.1023704539858263, 1.1130825004601403, 1.1234721902962965, 1.1335434313802528, 1.14329319813677, 1.1527188191804632, 1.1618205889962274, 1.1705982225364044, 1.1790528587418683, 1.187182641731293, 1.1949865887398472, 1.2024724390519443, 1.2096352284190273, 1.2164780599415037, 1.223003387480797, 1.2292062410408162, 1.235096756101906, 1.240693831683216, 1.2460089641962666, 1.2510515765225838, 1.2558152464438264, 1.260299596070051, 1.2644915245461865, 1.2683875097703234, 1.2719721978545584, 1.2752188406638316, 1.2781144792679013, 1.2806418823247006, 1.2827874334221354, 1.2845434035553884, 1.285917290208217, 1.2869084036012195, 1.287522924242082, 1.287767235318035, 1.287645128306866, 1.2871647425067918, 1.2863354277164438, 1.2851583507988016, 1.283639434362935, 1.2817878365219029, 1.279605427010341, 1.277099657763272, 1.2742806830932905, 1.2711507954068102, 1.2677202403165273, 1.2639893839827776, 1.2599738891415582, 1.2556726446885973, 1.25109746293679, 1.2462521135406481, 1.2411434824865664, 1.2357838451788892, 1.23017533859836, 1.2243298216731437, 1.2182546385393236, 1.211958912365417, 1.2054585670515818, 1.1987566891121118, 1.1918645293439907, 1.1847892459279157, 1.1775399294026014, 1.1701237825247501, 1.1625489460683935, 1.1548285892363372, 1.1469684428444884, 1.1389739068279345, 1.1308586725329546, 1.1226288752335405, 1.114294439689334, 1.1058681896411633, 1.0973521366033223, 1.0887581524668155, 1.0800981629176603
0.7031995723407087, 0.720929234238862, 0.7384981235017998, 0.7559003800739257, 0.773121855850273, 0.7901527844696483, 0.8069811764399981, 0.8235978070104304, 0.8399929192607418, 0.8561593237882468, 0.8720852076719359, 0.8877680837592399, 0.9031965109066737, 0.9183613340701333, 0.933259847133562, 0.947883581710939, 0.9622278429791384, 0.9762864034429191, 0.9900549936905909, 1.0035295850459134, 1.0167036897483532, 1.0295759929769863, 1.0421415912532117, 1.054397369450423, 1.066340792977413, 1.0779679062506373, 1.0892791224674196, 1.100270516514711, 1.110940428456657, 1.1212879345646476, 1.1313112521716233, 1.1410073679252752, 1.1503826117868732, 1.1594290471909572, 1.1681508747994078, 1.1765463287057, 1.1846144171718924, 1.1923588648527987, 1.1997744425953476, 1.2068742789619078, 1.2136468580423125, 1.2200970490651235, 1.2262288935822587, 1.232044666086984, 1.2375487142008295, 1.2427363069548703, 1.2476245225451796, 1.2522369792020447, 1.2565776980419363, 1.2606370513366043, 1.2644146692806464, 1.2679053155083393, 1.2710943364030305, 1.2739612820951107, 1.2764922931804348, 1.2786691972489477, 1.2804853311571653, 1.2819205722667943, 1.282974517655556, 1.2836516550787662, 1.283956657845148, 1.2838940060756583, 1.283466698440825, 1.282685600943462, 1.2815567732466944, 1.2800836303884031, 1.2782757660177664, 1.2761365663720907, 1.2736727152071152, 1.270892270129333, 1.2678007438875332, 1.26440279322573, 1.2607123462095968, 1.2567288312710216, 1.252462701005686, 1.247918861216145, 1.2431073714111553, 1.2380308182855044, 1.2327027709568474, 1.2271224044701077, 1.221305379376033, 1.2152599427771085, 1.2089956120899101, 1.2025218307973935, 1.1958475417619416, 1.1889834298577595, 1.1819344111685757, 1.1747133561893888, 1.1673246604919418, 1.1597778518312714, 1.1520812913691882, 1.1442456294911976, 1.1362807578548724, 1.1281900727742586, 1.1199866765603543, 1.111681950469527, 1.103281315193274, 1.0947937803746361, 1.0862273021899957, 1.0775966690387753
0.7013633378172086, 0.719081662143517, 0.7366412704991054, 0.7540363836782698, 0.7712511334724512, 0.7882743068631557, 0.8051006941754162, 0.8217137890706914, 0.838105494379703, 0.8542678743187428, 0.8701885690727797, 0.8858662589163897, 0.9012897307454883, 0.9164505994504415, 0.9313425392486208, 0.945959388945151, 0.9602941163301031, 0.9743420873955833, 0.988097718858099, 1.0015587589380486, 1.0147159666834211, 1.0275691571035592, 1.040113555246637, 1.0523448772474024, 1.0642603842838438, 1.0758584864747567, 1.0871370573559345, 1.09809284647904, 1.1087266591306522, 1.1190329160428965, 1.129013730691784, 1.1386660609549066, 1.147990230324619, 1.1569871449557416, 1.165653458125429, 1.1739927784725728, 1.1820034753624347, 1.1896879467191317, 1.1970457130509002, 1.204075761577406, 1.2107835350156888, 1.2171644217785085, 1.223227803639527, 1.2289731921643527, 1.2343982561539546, 1.239512902683244, 1.2443066119203783, 1.2488010475960918, 1.252991774454883, 1.256909833041596, 1.2605528594943918, 1.263918172097532, 1.2669977795387473, 1.2697886382972738, 1.2722712665186533, 1.2744277200086627, 1.2762528369625938, 1.2777267268813963, 1.2788379401074037, 1.2795775361919182, 1.2799411505831477, 1.2799390153373045, 1.2795713313079053, 1.2788444556333927, 1.2777643862491166, 1.2763404596163808, 1.2745771246878759, 1.2724835019979492, 1.2700645102242119, 1.2673249725579003, 1.2642721295030261, 1.2609128933904747, 1.2572590031241146, 1.25331081503231, 1.2490781174023011, 1.2445712129220707, 1.2397919233493289, 1.2347512571325465, 1.2294526676394097, 1.2239065471259094, 1.218119270713916, 1.212104302570455, 1.2058709858296295, 1.1994275719246366, 1.1927820190383889, 1.1859457227438908, 1.178927323928586, 1.1717327410447487, 1.164373536011765, 1.1568554332189072, 1.1491858398250576, 1.1413796437843216, 1.133439062807983, 1.1253817155663262, 1.1172023320376026, 1.1089292337050152, 1.1005585905598627, 1.09210063898401, 1.0835663549642573, 1.0749645435127446
0.6994214132732877, 0.7171264819943746, 0.7346718400342676, 0.7520596265292339, 0.7692648563040736, 0.78628180679961, 0.8030997370859643, 0.8197074447707609, 0.8360934455744902, 0.8522521147597137, 0.8681715692219738, 0.8838429865602953, 0.8992596137986011, 0.9144150811068767, 0.9293018454976396, 0.9439111761518495, 0.9582396500440806, 0.9722781664373548, 0.9860237537717458, 0.9994714361462647, 1.0126152246024018, 1.0254520499013067, 1.0379780001707237, 1.0501888031866953, 1.0620835270687286, 1.0736556456567987, 1.0849056953680316, 1.0958314056481866, 1.1064295540126343, 1.1166997427523198, 1.1266425501131527, 1.1362508854950546, 1.145533809974185, 1.154482027847588, 1.1630994088093543, 1.171386074083446, 1.17934344385674, 1.1869694317298132, 1.1942681026224617, 1.2012380727193195, 1.2078772916173532, 1.214195750585204, 1.2201927272465616, 1.225868392922087, 1.2312237979237883, 1.2362635065528584, 1.2409873957703814, 1.245400732395292, 1.2495087048042626, 1.2533071664231583, 1.2568125048891536, 1.260040363709737, 1.262992434458769, 1.2656665791949377, 1.2680557995309156, 1.2701530988525844, 1.271935014729439, 1.2733981452501792, 1.2745228852426953, 1.275303925984999, 1.2757249794540746, 1.2757803456539412, 1.2754726628579673, 1.2748046214916604, 1.273780188877459, 1.2724088008669865, 1.270695734613418, 1.2686482516688669, 1.2662740153746013, 1.2635749485974186, 1.2605644070302686, 1.2572482893701418, 1.2536296832306801, 1.2497202049248584, 1.2455257433064544, 1.241053390781512, 1.23630991446809, 1.2313015412828845, 1.2260366795661168, 1.2205247259815861, 1.2147724741435821, 1.2087919328670678, 1.2025889708840394, 1.1961750791184889, 1.1895622197032436, 1.1827545103498158, 1.1757664835425308, 1.1686028544878537, 1.1612719657255282, 1.1537837138592542, 1.1461459124732114, 1.1383659688869932, 1.1304588882776008, 1.1224252623588091, 1.114285137086081, 1.1060392400392542, 1.0976982738613819, 1.0892728839421428, 1.0807710116363465, 1.072202254272379
0.697371536235738, 0.7150608684388748, 0.7325984845493894, 0.7499668209392132, 0.7671624128930281, 0.784169341742726, 0.8009787838227931, 0.8175775443615327, 0.8339597967326879, 0.8501108976681016, 0.8660248127819896, 0.8816921577281169, 0.8971044456631736, 0.9122541303870539, 0.927133892966526, 0.9417365929894386, 0.956057338343899, 0.9700890340870165, 0.9838258498798806, 0.997262613568263, 1.0103963507498674, 1.0232181009429402, 1.0357283761473424, 1.0479225734260664, 1.0597954326545702, 1.0713476235362114, 1.0825734876790056, 1.0934714244170136, 1.1040411491002429, 1.114278443043541, 1.124186449231579, 1.1337599237280491, 1.1429996497845272, 1.1519062346907303, 1.1604770073868442, 1.1687167499740907, 1.1766233046072498, 1.184197206641545, 1.1914392892129468, 1.1983508037348676, 1.2049343725950648, 1.2111900778732005, 1.2171209122680358, 1.2227261097014113, 1.2280139384809337, 1.232984650822675, 1.237635415675025, 1.2419754628247786, 1.2460073465900967, 1.2497314923056235, 1.2531520955540385, 1.2562752556847796, 1.259102925203659, 1.261645889041211, 1.2639124759394447, 1.2659052742976575, 1.2676097988389818, 1.2690194607006928, 1.2701113727311677, 1.270885647145536, 1.2713278818367106, 1.271430010199647, 1.271176013425939, 1.2705670594707206, 1.269601555486683, 1.2682849166272332, 1.2666245153247955, 1.2646276583958196, 1.262300583714679, 1.2596500651356406, 1.2566803648310936, 1.2534042039881497, 1.249825845944346, 1.2459560176686777, 1.2418003180698731, 1.237362689013028, 1.2326563246899935, 1.2276835001292055, 1.2224547289113188, 1.2169774436173837, 1.2112616222107517, 1.205313427574846, 1.1991442257683387, 1.1927640822784111, 1.1861832863869806, 1.1794074444934237, 1.172451868608312, 1.165319235064021, 1.1580210632259975, 1.1505645361899388, 1.1429603101634944, 1.1352115994898773, 1.127336006954983, 1.1193391092949438, 1.1112294462964831, 1.103013102433862, 1.0947055212660564, 1.0863127794519185, 1.0778427902395284, 1.0693077490733627
0.6952169182813117, 0.7128859657491473, 0.7304069497380281, 0.7477604841875296, 0.7649428627144355, 0.7819375311476344, 0.7987361971602107, 0.8153264704627174, 0.8316967084231299, 0.8478433007306156, 0.8637498892586803, 0.8794113437107454, 0.8948179330282882, 0.9099622526155349, 0.924836142059017, 0.9394335328876684, 0.9537419480204745, 0.9677699986273458, 0.9814997183485472, 0.994927694011408, 1.0080488774513539, 1.0208597930306906, 1.0333577833123924, 1.0455363233127022, 1.0573934297972398, 1.068926203958326, 1.080130626959078, 1.0910054752550975, 1.101549850458059, 1.1117605479252068, 1.1216361884432215, 1.1311769324116012, 1.1403805554094886, 1.1492487737898598, 1.1577795567566112, 1.1659752651608342, 1.173833989154775, 1.181357606590324, 1.1885468373997936, 1.1954060234234651, 1.2019324001213922, 1.2081296364958538, 1.213995062004666, 1.2195398031993312, 1.224763735332611, 1.2296641988237935, 1.2342495714943125, 1.2385179109135178, 1.2424749005055373, 1.2461250947642695, 1.2494711149639768, 1.2525147874133706, 1.2552636319447066, 1.2577177827833301, 1.2598757295419345, 1.2617418513895649, 1.2633348226751293, 1.2646524066942595, 1.2656835155445973, 1.2664101319611367, 1.2668281771445953, 1.2669290975843124, 1.2666992385361153, 1.2661367015290947, 1.2652258563369783, 1.263966507527388, 1.26236188013831, 1.26041791473025, 1.2581411412761723, 1.2555379744927704, 1.2526166319535035, 1.2493840580577737, 1.2458476080359473, 1.242015083404044, 1.2378997448827915, 1.233500005703763, 1.228833893080437, 1.2238990136025576, 1.218706413037114, 1.2132658279341682, 1.2075842161768646, 1.2016752107760125, 1.195540879606237, 1.1891925049198333, 1.1826467415008493, 1.1759079327835122, 1.1689827763642553, 1.1618855873325087, 1.1546214837974231, 1.1471993277449881, 1.1396275996312886, 1.1319151062595223, 1.1240733677429828, 1.1161063930714645, 1.108028993950966, 1.0998514606376366, 1.0915779585144412, 1.083219485157957, 1.0747869978001914, 1.066290582412285
0.6929505230008521, 0.7106018320869554, 0.7281031305273631, 0.7454397267853663, 0.7626058079577254, 0.7795849197643134, 0.7963694628220539, 0.8129478722598291, 0.8293109697771035, 0.8454456367542091, 0.8613445748898441, 0.8769957340656651, 0.8923981999990209, 0.9075360610747358, 0.92240316544257, 0.9369937965316266, 0.9513019225456238, 0.9653195654160909, 0.9790395742645002, 0.9924589602444902, 1.005571845263069, 1.0183732384356068, 1.0308573420505658, 1.0430249777588818, 1.0548656065576578, 1.066382394992778, 1.0775698957225357, 1.0884253843869898, 1.0989469124708604, 1.109133002243623, 1.1189819037225375, 1.1284927821794737, 1.1376632137872091, 1.146498002957439, 1.1549899852951766, 1.1631459590551918, 1.1709637631553766, 1.1784396621797795, 1.1855819779000987, 1.1923930954024256, 1.1988674107167858, 1.205010376294502, 1.210822746060603, 1.2163053296809876, 1.2214601959317823, 1.2262993681069636, 1.2308171577152214, 1.235018438213781, 1.2389061684240508, 1.2424848531234707, 1.2457568293797285, 1.2487264294057807, 1.25139861735527, 1.2537768860374134, 1.2558652937424162, 1.257655701783718, 1.259148252445974, 1.260351034479391, 1.2612808270466926, 1.2619353617096705, 1.2622958884334237, 1.2623554280369431, 1.2621074531642433, 1.261550372819353, 1.2606689561369988, 1.2594566560820466, 1.2579043229839355, 1.2560161182873726, 1.2537923198499596, 1.2512405448236548, 1.2483667151346465, 1.2451779997275763, 1.2416858670894895, 1.2379030606387245, 1.2338253506623174, 1.2294686652850286, 1.2248372732329313, 1.219944179237653, 1.2147914574528071, 1.2093888022723531, 1.2037474054424449, 1.1978738821020185, 1.1917769395988698, 1.1854671924740812, 1.1789542968301019, 1.1722505765407574, 1.1653617518652437, 1.1582996814285975, 1.1510713524709173, 1.143683070422031, 1.1361477312456882, 1.1284740809600704, 1.120664780916182, 1.1127323299184253, 1.1046946821049408, 1.0965533923953492, 1.088316551721042, 1.0799955187944752, 1.071601906915883, 1.06314302165483
0.6905818980141225, 0.7081988991201227, 0.7256855780489042, 0.7430029077795082, 0.7601456934221504, 0.7771114509459549, 0.7938810178821987, 0.8104439205205898, 0.8267931369466437, 0.8429184306804549, 0.8588054679677155, 0.874451096964818, 0.8898432450115896, 0.9049729717974975, 0.9198315662629133, 0.9344185565396605, 0.9487196322063189, 0.9627299151551716, 0.9764448399836843, 0.9898541038773123, 1.0029587255314736, 1.0157505649113316, 1.0282259412357169, 1.0403811083460281, 1.052210188540875, 1.0637104663077848, 1.0748829434205929, 1.0857215995822171, 1.0962236394871416, 1.106386940825657, 1.1162135690672619, 1.1256988176421165, 1.13484273636299, 1.1436454286966393, 1.1521023241585366, 1.1602220577981361, 1.1680045107673847, 1.1754428754499733, 1.182542551458023, 1.1893031761484627, 1.1957242838195148, 1.2018191559286455, 1.2075790511159807, 1.2130071729889478, 1.2181069213395714, 1.2228827150182218, 1.2273360613737188, 1.2314690383565425, 1.2352912542883905, 1.2388005348030857, 1.2420034740230959, 1.2449002904729545, 1.2474978556924716, 1.249801389285234, 1.2518137925551143, 1.2535396079491177, 1.2549756594161847, 1.256110187851383, 1.2569528472728875, 1.257498562203625, 1.2577734431782472, 1.257774729676579, 1.2574741496724924, 1.2568818428069006, 1.2559879808032077, 1.2547867890333633, 1.2532689066677802, 1.251429420286402, 1.249257673789283, 1.2467551237992565, 1.24393784559481, 1.240801047843905, 1.2373553150045167, 1.2336118394708704, 1.2295742812322272, 1.2252630005417968, 1.220676966376149, 1.2158218103876548, 1.210707340607807, 1.2053466140428766, 1.1997433395051074, 1.193910601234573, 1.1878521636518427, 1.1815792227676694, 1.1751063150735375, 1.1684393863941365, 1.1615850713594567, 1.1545629175954302, 1.1473713898880957, 1.1400239763712987, 1.1325242875493826, 1.1248854835211572, 1.11711734148622, 1.1092265313830358, 1.101224695048784, 1.0931203760490567, 1.084922873767634, 1.0766420502466607, 1.068289586140252, 1.0598718377152272
0.6880994040331734, 0.705698102106834, 0.7231519544439484, 0.7404475135240007, 0.7575713371761514, 0.7745153110118386, 0.7912657053060199, 0.8078128014005896, 0.8241496438760363, 0.8402583229900555, 0.8561341555433897, 0.8717687121624662, 0.8871498168816343, 0.9022702592587626, 0.9171232209494198, 0.9317008330037302, 0.9459939976152816, 0.9599964726531054, 0.9737042526489494, 0.9871097296502418, 1.0002071007896438, 1.0129875073093606, 1.0254550033898786, 1.0375981732735289, 1.0494153764832168, 1.060904505935059, 1.0720609651787205, 1.0828846954691391, 1.0933688835767859, 1.1035169907632172, 1.1133220819147018, 1.1227844771357445, 1.131903954024522, 1.1406754903256617, 1.1491101597881928, 1.1571998005434123, 1.1649445479332732, 1.1723457414996075, 1.1794074372596048, 1.1861266740389942, 1.192508186144578, 1.1985503476642334, 1.2042582758212275, 1.209635175391493, 1.2146830286087633, 1.219398010569928, 1.2237953488656101, 1.2278696120838246, 1.2316279853201975, 1.2350694873883397, 1.238205360337683, 1.241031298210241, 1.2435594899680522, 1.2457872245328003, 1.2477247713930124, 1.2493764163669452, 1.250742357444639, 1.2518242441470688, 1.2526135621009713, 1.2531105929353883, 1.253306120664159, 1.2532086590638967, 1.2528467638900862, 1.252190521472559, 1.2512493988779125, 1.2500233093006399, 1.2484983499505402, 1.2466716425865654, 1.2445407892363134, 1.242091066509377, 1.239320471420899, 1.2362333541526125, 1.2328369967771406, 1.2291421587546933, 1.225154820792798, 1.2208857263077446, 1.2163437869387534, 1.2115304909158509, 1.2064599297062655, 1.2011373895186521, 1.1955796017333453, 1.1897847185693307, 1.1837667441683832, 1.1775341989466623, 1.1711013289142285, 1.164475337627091, 1.1576621392883082, 1.1506759352934948, 1.143521660345594, 1.1362127072706043, 1.1287575293737957, 1.12116000606414, 1.113429615262528, 1.105579190505881, 1.0976194865651108, 1.089554675012681, 1.081398290089882, 1.0731618752021737, 1.0648482742768222, 1.0564745699185805
0.6855070706067776, 0.7030776451457248, 0.7205027093662979, 0.7377725693229236, 0.7548697414902295, 0.7717951419120448, 0.7885261127163856, 0.8050529723537307, 0.8213705271618101, 0.8374643709563001, 0.853326467425009, 0.868948183145597, 0.8843180972797944, 0.8994252741673909, 0.9142699659003624, 0.9288372676042433, 0.9431229987287066, 0.9571173332771314, 0.970816560371591, 0.9842129350551607, 0.9973038792547397, 1.010079352851906, 1.0225373255242856, 1.0346701498528068, 1.046481758992921, 1.0579594044634382, 1.0691030512404671, 1.0799079157103781, 1.0903802616026637, 1.1005103880806812, 1.110298487561308, 1.1197426637628771, 1.1288400338169415, 1.137592760838369, 1.1460001660073535, 1.1540583518955563, 1.1617733624798658, 1.1691421143077987, 1.1761687102581595, 1.1828493313649089, 1.1891927654116428, 1.1951946596403245, 1.2008564037912945, 1.2061845713836545, 1.211176705596027, 1.2158485878367484, 1.2201895249263783, 1.2242030832545323, 1.2279012061261723, 1.2312831953528756, 1.2343497430312622, 1.237112166591369, 1.2395692973083738, 1.2417295288951093, 1.2435963181079428, 1.2451730954929756, 1.2464648214659944, 1.2474769669073167, 1.248211466467363, 1.2486531751379273, 1.2488100942372453, 1.2486727533666366, 1.2482383991610417, 1.2475173701036395, 1.2465161659002346, 1.2452290959735306, 1.243660621450604, 1.2418139987279302, 1.2396798108877034, 1.237252759088018, 1.2345250015521954, 1.2314864260559615, 1.2281416165042556, 1.224498934051307, 1.220561028043103, 1.2163351647449714, 1.2118368282881802, 1.207071807128588, 1.202044892152169, 1.1967677341318774, 1.1912519493935845, 1.1854991062300995, 1.1795246945770428, 1.1733317814486979, 1.1669416156185148, 1.160351980496297, 1.1535856893136325, 1.1466391130831495, 1.1395272096447426, 1.1322618655255523, 1.1248439429942279, 1.1172862141681987, 1.1096021248370063, 1.1017938800923366, 1.0938782553640563, 1.0858588265807283, 1.0777455838021686, 1.0695501524997821, 1.0612844258639695, 1.052957376534276
0.6828030046857174, 0.7003399341547842, 0.7177357691754453, 0.7349797857679894, 0.7520531975593938, 0.7689468556484504, 0.7856587207692334, 0.8021656029449913, 0.8184607177888301, 0.8345365938639508, 0.8503820211049904, 0.8659885027278476, 0.8813419911554261, 0.8964386937492135, 0.9112704448586824, 0.9258290588904918, 0.9401037183729626, 0.9540893033751372, 0.9677801595114408, 0.9811690748553721, 0.9942518099048128, 1.00701984257823, 1.0194699708400234, 1.0315963497271268, 1.0433955397209287, 1.0548631611023351, 1.0659993106189232, 1.0767948881318814, 1.0872519057960188, 1.097364938850208, 1.1071357668228172, 1.1165635132237304, 1.125642072491945, 1.1343736983866668, 1.142758211536754, 1.150793488849053, 1.1584765712711151, 1.1658193348451418, 1.1728137891419506, 1.1794652306179172, 1.1857715537561715, 1.1917361483817528, 1.1973576558233558, 1.2026429432574046, 1.2075918918895736, 1.2122100715043471, 1.2165026640674084, 1.2204656980247917, 1.224104477931891, 1.2274274434077581, 1.230438806754452, 1.2331350961552827, 1.2355261327513416, 1.2376203059985569, 1.239420593745879, 1.2409251282977776, 1.2421431680734214, 1.2430826169428526, 1.2437453626165604, 1.2441335545303742, 1.244238416827737, 1.2440615849136476, 1.2435882969384222, 1.242829957159759, 1.241787002518616, 1.240446605959579, 1.2388191267501112, 1.2369129888899009, 1.234739374979699, 1.2322954398246493, 1.229575109243501, 1.2265720296753626, 1.2232707628076325, 1.2196777573247273, 1.2157868323142607, 1.2116121488760099, 1.2071627819332802, 1.202442501658676, 1.197465190895353, 1.192235335468541, 1.1867636684650362, 1.1810539386358512, 1.1751211259755392, 1.1689769455015933, 1.162628376330633, 1.1560836637730914, 1.1493578799991324, 1.1424506175825, 1.1353817743781205, 1.128161646521252, 1.12078951978702, 1.1132775035834213, 1.1056378911519316, 1.0978736862802263, 1.0900033917334673, 1.082029371115122, 1.0739621007682656, 1.065813725401866, 1.057594533600585, 1.0493180837721132
0.6799888585257383, 0.697492445754814, 0.7148568059379174, 0.732067576862236, 0.7491124714327695, 0.765982946426834, 0.7826626448167877, 0.7991420851126447, 0.8154196960667113, 0.8314717963582963, 0.8473010944617831, 0.8628888175576952, 0.878228244891452, 0.8933092673500616, 0.9081281403823764, 0.9226707784031296, 0.9369343315752436, 0.9509081871765828, 0.9645899549652688, 0.977969499810512, 0.9910421058510286, 1.003803822858944, 1.01624507725555, 1.028363014166323, 1.0401546448993093, 1.0516136424772915, 1.062739749143609, 1.0735254182335074, 1.0839718181088314, 1.0940731914056263, 1.1038329295134472, 1.1132429907177785, 1.1223049922452502, 1.1310180874371545, 1.139381759414877, 1.147396145087142, 1.1550620577905475, 1.1623774967500848, 1.1693417079959145, 1.1759648553435182, 1.1822380722904695, 1.188166429044922, 1.1937501918970126, 1.1990010950631271, 1.203911649136276, 1.2084872077080062, 1.2127277819956133, 1.2166404135403992, 1.2202350836633924, 1.2235044053615907, 1.2264528542523179, 1.2290934046145052, 1.2314292866263186, 1.2334537338628122, 1.2351827936006528, 1.2366244216568658, 1.2377741747424933, 1.2386421133969732, 1.2392314644986184, 1.2395497657881362, 1.2395965432660772, 1.2393682761757843, 1.2388591167640213, 1.2380666386915946, 1.2369914214467483, 1.2356324239648186, 1.233976388488915, 1.232024241930108, 1.2297951375581162, 1.2272997807330297, 1.2245497103626617, 1.2215319943055958, 1.2182476259695632, 1.2146886281491787, 1.2108437642974108, 1.2067199907248591, 1.2023171815716038, 1.1976475504839739, 1.19272056823399, 1.1875378097122917, 1.182111212676264, 1.176451311722981, 1.1705633519014382, 1.1644634472965434, 1.1581594422552213, 1.151660358776108, 1.1449779826007598, 1.1381184798891324, 1.1310934415100844, 1.123917320130853, 1.1165895503511818, 1.109126320885319, 1.1015342360844924, 1.093817993636459, 1.085994379692326, 1.078068024389391, 1.070052107103602, 1.0619519909652935, 1.053784555159992, 1.0455569631498447
0.6770638907326942, 0.6945287210411193, 0.7118580995298975, 0.7290347033666533, 0.7460477549893154, 0.7628845473020958, 0.7795396433412263, 0.7959966559465341, 0.8122452366399555, 0.8282758959541026, 0.8440824746277853, 0.8596486407334849, 0.8749686776282735, 0.8900328966403661, 0.9048360269072893, 0.9193659757818642, 0.9336166423473271, 0.9475788224811117, 0.9612478680130172, 0.9746171515357487, 0.9876822890106487, 1.0004317879502933, 1.0128615484918404, 1.0249726994610873, 1.036757677628244, 1.0482079850119552, 1.0593233168541465, 1.0701004438286459, 1.0805384931139548, 1.0906307686714056, 1.1003770142020413, 1.1097737394149965, 1.1188238461425923, 1.1275208965183365, 1.1358679744780202, 1.143861317767171, 1.1515044749272176, 1.1587985472931903, 1.1657427659728112, 1.1723334152982146, 1.1785806360920885, 1.1844797662366018, 1.1900352267180052, 1.1952479648277388, 1.2001203932063857, 1.2046562362293, 1.20885710801178, 1.2127275498019712, 1.2162736628816289, 1.219493254518464, 1.2223920399876986, 1.224981074551951, 1.2272552195796989, 1.2292242635490664, 1.2308928193909976, 1.232265875701695, 1.2333513551992992, 1.2341511097008988, 1.2346701204157169, 1.2349146141789218, 1.2348925700731384, 1.234607026249182, 1.2340504879781475, 1.2332175047344007, 1.2321069308011827, 1.230717208729824, 1.2290523902286905, 1.2271017844181697, 1.2248516655188793, 1.2223046085957092, 1.219491147048859, 1.2164320723984785, 1.2131237790472182, 1.2095684195408607, 1.2057463448953625, 1.201659591760655, 1.1973065078411294, 1.1926863477379, 1.1878040349900827, 1.1826769736783502, 1.1772972185824058, 1.1716865657592122, 1.1658469351600855, 1.1597953122176632, 1.153538306769657, 1.1470844336097583, 1.1404497426200022, 1.133634520951726, 1.1266581389603045, 1.11952819634089, 1.1122512618790408, 1.1048345065256653, 1.0972917980393602, 1.089626559177833, 1.0818533748719643, 1.0739785436394653, 1.0660133300465438, 1.057966807679679, 1.0498524116576915, 1.0416761556272034
0.6740263674234024, 0.6914519829868633, 0.7087365852541749, 0.7258828959261399, 0.7428601112819448, 0.7596617231534202, 0.7762857557878027, 0.7927156928911279, 0.8089365363093384, 0.8249425266300987, 0.8407223301145121, 0.8562665667827849, 0.8715640773369513, 0.8866125466929189, 0.9013954254461991, 0.9159092670614823, 0.9301451565108563, 0.9440936677304306, 0.9577497194309244, 0.971108744564229, 0.9841609271616809, 0.9969005716622794, 1.009324522835196, 1.0214234493660959, 1.03319937150627, 1.0446414038605836, 1.0557474202582524, 1.066515578033683, 1.0769428411174067, 1.0870262426238382, 1.0967607995229391, 1.1061472901268976, 1.1151838890600763, 1.123870624459772, 1.132203055235844, 1.1401835964251061, 1.1478080193093048, 1.1550826436294583, 1.1620033337396292, 1.1685724003198557, 1.1747929416393132, 1.1806666697650696, 1.186192213829055, 1.1913757499226945, 1.1962146547595607, 1.2007148720747507, 1.2048814028431307, 1.2087088975967673, 1.212210315491343, 1.215386713123098, 1.2182404102932223, 1.2207766737485128, 1.2229984340220268, 1.2249090459409215, 1.2265273332282431, 1.2278413100452452, 1.2288634618727867, 1.2295980932157233, 1.230051016958444, 1.2302321746196396, 1.2301387284353167, 1.2297832371884594, 1.2291691004852394, 1.2282881986884773, 1.2271387199756871, 1.2257204571678484, 1.2240218151720326, 1.2220556648699512, 1.2198097211378522, 1.2172726781103647, 1.2144404808272027, 1.2113317569117212, 1.2079708787244625, 1.2043797862048775, 1.200543392835054, 1.1964645622838814, 1.1921405979867243, 1.1875644273854773, 1.182734116941485, 1.1776489749259822, 1.172325446312871, 1.1667584957418056, 1.1609762917606217, 1.1549744708693863, 1.1487677544969257, 1.142364407297225, 1.1357746841518361, 1.1290096400043579, 1.1220809791686106, 1.1149975721079057, 1.1077686900292987, 1.1004061783954127, 1.0929126035622856, 1.085300498167288, 1.0775814157165682, 1.0697595320149729, 1.0618518419860434, 1.0538599553974946, 1.0457989835422294, 1.0376827728511122
0.6708766704490694, 0.6882581467440465, 0.7055063206012315, 0.722607102482054, 0.7395464340673135, 0.7563204319323473, 0.772901470837513, 0.7892991323089538, 0.8054887142495799, 0.8214679544920314, 0.8372225557076076, 0.8527414956504975, 0.8680208944601686, 0.883044073786091, 0.8978071336275653, 0.912302634794556, 0.9265216023351526, 0.940453638718874, 0.9540967932010735, 0.9674409194861537, 0.9804805885526084, 0.9932060716768509, 1.0056217361754411, 1.0177117693094386, 1.0294769732418656, 1.0409103541647822, 1.052009993724698, 1.0627687827982326, 1.0731839380706232, 1.0832585271735296, 1.092986609010345, 1.1023632574904303, 1.1113860681057757, 1.1200634050287617, 1.1283808773440809, 1.1363484999957292, 1.1439609193519855, 1.1512185827256713, 1.15812111914133, 1.16467178559257, 1.1708706478841604, 1.1767180943154143, 1.1822179466910638, 1.1873723134664713, 1.1921835834352477, 1.1966529674754183, 1.2007829922534823, 1.2045786950880268, 1.2080401749896295, 1.211177708877055, 1.2139891542711636, 1.2164796444875519, 1.2186569201845314, 1.2205209138929645, 1.2220818071753667, 1.2233392792945024, 1.2243042773717105, 1.224979855006029, 1.2253686045791694, 1.2254873910454576, 1.2253288201316748, 1.224905730970515, 1.2242225825070276, 1.2232871791371123, 1.2220910135329275, 1.2206323242558907, 1.2189082793585966, 1.216912471452896, 1.2146452549226536, 1.21210833309362, 1.2092890514850252, 1.2061887031629892, 1.2028093117275303, 1.1991637376446347, 1.195292550473705, 1.1911919105352053, 1.1868609376259966, 1.1823023316718446, 1.1775076875613477, 1.1724697235266275, 1.16719253285311, 1.1616830265980438, 1.155948559005206, 1.1499980894655861, 1.1438417584099225, 1.1374916361672645, 1.1309532758443295, 1.1242390561220956, 1.117357642019999, 1.1103249535290187, 1.1031471498511563, 1.0958351017621508, 1.0883986748906294, 1.0808437460619684, 1.0731787612719002, 1.0654151981273854, 1.0575629440244922, 1.049628708770416, 1.0416295662266988, 1.0335668259480064
0.6676145398358253, 0.6849480449084266, 0.7021536325642499, 0.7192094555795547, 0.73611040353964, 0.752840849772709, 0.769393249765062, 0.7857532470322743, 0.8019079098129209, 0.8178577249482535, 0.8335806787639326, 0.8490732210646561, 0.864325887261244, 0.8793257967566381, 0.894068189731029, 0.9085411329481898, 0.9227397809198292, 0.9366572867886118, 0.9502827838117183, 0.963612696768652, 0.9766400376788544, 0.9893544261474032, 1.0017559482099783, 1.013836064849026, 1.0255902375692214, 1.0370135102317475, 1.0481025185070072, 1.0588512209376573, 1.0692644108403746, 1.079324896662981, 1.089042937995873, 1.0984106356943455, 1.1074263354840737, 1.116089447152869, 1.1243974815164988, 1.1323520479951368, 1.1399527223789176, 1.1471951053186045, 1.1540859032495474, 1.1606203434553946, 1.1667992574998705, 1.1726277386528237, 1.1781064309917495, 1.1832344359180622, 1.1880178833395005, 1.1924590304588447, 1.196558966394437, 1.200323283628964, 1.2037530335807842, 1.2068531059848011, 1.2096261291658363, 1.2120773873826662, 1.214211235364945, 1.2160305773418854, 1.2175443314520278, 1.2187526913846467, 1.2196641105910855, 1.2202862913632755, 1.2206218838059142, 1.2206798198392645, 1.2204597093005445, 1.2199741642492468, 1.2192261421130821, 1.21822410163644, 1.2169705616652804, 1.2154674434780572, 1.2137023755152638, 1.2116797624108697, 1.209388186431073, 1.2068320284001315, 1.2040132649791842, 1.2009237523402119, 1.1975500507356243, 1.1939169840151704, 1.1900209503452457, 1.1858799416909092, 1.1815230220389124, 1.1769478287076423, 1.1721556300291907, 1.167148452612234, 1.1619102547706985, 1.156448317972841, 1.1507667156963874, 1.1448704237440195, 1.1387687350496263, 1.1324704947530604, 1.1259863926435711, 1.11932548374251, 1.1124973944040262, 1.1055148247163116, 1.0983900645508937, 1.091132414120362, 1.0837503406197184, 1.0762530037749114, 1.0686485374187056, 1.060940819393596, 1.053147790200927, 1.0452754095267691, 1.037337992764253, 1.0293374773638808
0.6642375121104953, 0.6815232983678667, 0.6986791118781168, 0.715689368505628, 0.7325454407608154, 0.7492348754806448, 0.7657448552922359, 0.7820682616005099, 0.7981857640971581, 0.814102031060659, 0.8297964899921402, 0.8452557029815209, 0.8604824119483032, 0.8754549317932421, 0.8901734388313356, 0.9046256179744381, 0.9188056504227999, 0.9326982636176977, 0.9463077340840433, 0.9596200989019499, 0.9726300947588831, 0.9853339674369606, 0.9977216905906365, 1.0097901722646396, 1.0215331714221163, 1.0329457215261284, 1.04402616516355, 1.0547680361525371, 1.0651672577713134, 1.0752237799514495, 1.0849318038363647, 1.0942898789808195, 1.103295113876487, 1.111949278854584, 1.1202480429712862, 1.1281921512169886, 1.1357789050300253, 1.143011083501544, 1.149886653761146, 1.1564070951859007, 1.1625707694575267, 1.1683842443887071, 1.173843599924406, 1.1789520649435614, 1.1837149700537948, 1.1881286464301821, 1.1922046725787068, 1.1959395365961667, 1.1993378922321751, 1.2024065543008815, 1.2051435116638443, 1.2075615059265088, 1.2096562925603633, 1.2114368709177752, 1.212907295311271, 1.21407399924158, 1.2149377181548173, 1.2155105657853182, 1.2157950930147008, 1.2157949693613075, 1.215519484131124, 1.2149711674427648, 1.2141656973191202, 1.2131014762070036, 1.2117872492746526, 1.2102276867281416, 1.2084156961264325, 1.2063573240645935, 1.2040359176199003, 1.2014614100020138, 1.198627297501747, 1.1955370860059942, 1.1921838258601651, 1.1885594567088331, 1.1846752842912336, 1.1805333979752772, 1.176145635437872, 1.1715385267595364, 1.1667374794989653, 1.1617228579599965, 1.1565011934758997, 1.1510728730281654, 1.1454364554732974, 1.1395920348644877, 1.133548283880148, 1.127301082860508, 1.1208738654975035, 1.1142696731356265, 1.1074936673388533, 1.1005686448082086, 1.0935005752128033, 1.086295712973377, 1.0789695268938173, 1.071532974466666, 1.0639874920035224, 1.0563432502792791, 1.048615226862199, 1.0408045159119963, 1.0329303088456312, 1.0249972200403183
0.6607492584336674, 0.6779791419409902, 0.6950826800106773, 0.7120464526813448, 0.7288570847380091, 0.7454967852252485, 0.7619654826723687, 0.7782462776106795, 0.7943302997324002, 0.8102054969103376, 0.8258631544415413, 0.8412937785577297, 0.8564870927075203, 0.8714328891078535, 0.8861258187749952, 0.9005525950006037, 0.9147066498392311, 0.9285824220022958, 0.9421673854660453, 0.9554632555524583, 0.9684570438681162, 0.9811433072059925, 0.993516681391422, 1.005570583489507, 1.017302291620271, 1.0287046955604664, 1.0397738860051922, 1.0505061254138033, 1.0608963507537323, 1.0709437059557088, 1.0806401341894896, 1.0899925998106452, 1.0989903074777443, 1.1076351212233773, 1.1159235468778332, 1.1238577358159771, 1.1314351237473188, 1.13865410741717, 1.1455181291305179, 1.152025204253749, 1.1581794091285884, 1.1639758881496745, 1.1694218879478795, 1.1745133938008179, 1.179254818346723, 1.1836525135329934, 1.1877060622053817, 1.191415722917088, 1.1947861164076512, 1.1978288143061588, 1.2005372494241184, 1.2029215835313876, 1.2049835949733803, 1.2067283388169114, 1.2081640383298575, 1.2092895981949878, 1.2101110517106433, 1.21064196223288, 1.2108780687246705, 1.2108291409462977, 1.2105021455384941, 1.2099038732233138, 1.209041635561067, 1.2079180634722801, 1.2065411972055697, 1.2049230743155475, 1.2030608630215012, 1.2009572642579114, 1.1986040879270474, 1.1959977319495918, 1.1931469526547174, 1.1900428740691238, 1.1866914877127241, 1.1830803758550585, 1.1792092268432723, 1.1750820862350464, 1.1707062937821915, 1.1660927234038665, 1.1612604923610617, 1.1562375174068746, 1.1510106080123093, 1.1455930612365561, 1.139980303606623, 1.1341819397326232, 1.1281826469572733, 1.1219896684548543, 1.1156188351126302, 1.1090727197309773, 1.1023532692680886, 1.095490349056166, 1.0884769812758277, 1.0813270326352464, 1.0740627189336776, 1.066680519658628, 1.0592020400127309, 1.0516203426486213, 1.0439580300114342, 1.0362139871437916, 1.0284051710818671, 1.0205428437820414
0.6571497716283554, 0.6743252100136088, 0.6913731147170621, 0.7082801300985961, 0.7250418186088501, 0.7416360818022829, 0.7580563676840759, 0.7742931962297979, 0.790332339975385, 0.8061694639381924, 0.8217881566121532, 0.8371834209666416, 0.8523417346734972, 0.8672596374806423, 0.8819196951437638, 0.896317595340359, 0.9104492932500632, 0.9242973584877268, 0.9378634507672876, 0.9511378898733005, 0.9641135257764466, 0.9767826369950248, 0.9891392073961169, 1.0011775930349343, 1.012894984644496, 1.0242863802764637, 1.0353429680426478, 1.046064161963474, 1.0564451463072855, 1.066482987538886, 1.0761736203898762, 1.0855163961886047, 1.0945045040568244, 1.1031440814427809, 1.111424746104663, 1.1193461410713637, 1.1269158045053898, 1.1341266127051197, 1.1409819417342062, 1.1474763003939854, 1.1536145798059776, 1.1594021650079567, 1.16483470034225, 1.1699137040529477, 1.174641012192228, 1.1790197806151026, 1.1830539074238713, 1.1867466962797222, 1.1900978671182143, 1.1931144823731215, 1.195797696075128, 1.198154157944276, 1.2001840715395842, 1.2019008687590924, 1.203301514172746, 1.2043923717565788, 1.20517813979109, 1.2056639535681084, 1.2058626582403589, 1.2057669946142893, 1.2053990832076336, 1.2047495230880285, 1.203837793126307, 1.2026609843445923, 1.2012292360920496, 1.1995538984259282, 1.1976346988326823, 1.1954835967942286, 1.1930908702228917, 1.1904562520113826, 1.187580685920774, 1.1844556610746393, 1.1810921735461646, 1.177481430428375, 1.1736235358658247, 1.1695141652199608, 1.1651534192063435, 1.1605569083251082, 1.1557289734904712, 1.150695105106851, 1.1454629732435064, 1.1400419553594814, 1.1344344798026453, 1.1286496972267512, 1.1226861268916961, 1.116548292665807, 1.110225584671542, 1.1037336053966724, 1.0970756175889163, 1.0902596428217377, 1.0833171665468369, 1.0762219707528855, 1.0690230614456437, 1.0617062132089883, 1.0542858830136224, 1.046776564256258, 1.039179796728905, 1.031505240318718, 1.0237631171805317, 1.0159711709538355
0.6534404685010555, 0.6705552357278526, 0.6875437744133093, 0.7043968336868991, 0.7211014825935136, 0.7376427484382502, 0.7540140488480729, 0.7702043368339835, 0.7861971392910645, 0.8019909751762411, 0.8175696330111775, 0.8329259698626741, 0.8480493171893526, 0.8629315303610552, 0.8775566546419311, 0.8919250984732612, 0.9060257280400696, 0.9198518588985207, 0.9333955757299561, 0.9466474024375193, 0.9595988383857863, 0.9722501754481163, 0.9845879866371829, 0.9966141893927967, 1.0083147080472399, 1.0196912202609623, 1.0307353498365854, 1.0414452048839165, 1.0518173531361041, 1.0618459050051454, 1.0715270961112777, 1.0808601994010898, 1.0898424416145245, 1.0984715363882414, 1.1067423928076918, 1.1146620615176728, 1.1222198956429876, 1.1294244921387415, 1.1362678289088874, 1.142752254841926, 1.1488854386127398, 1.1546582051817564, 1.160080531982639, 1.1651467676708291, 1.1698607633241478, 1.1742268311991237, 1.1782462017315636, 1.1819207848236415, 1.1852542878412562, 1.188247085582776, 1.1909141199642077, 1.1932475841895025, 1.1952523230385053, 1.1969399627493003, 1.1983143327717043, 1.1993733364373496, 1.2001275902801707, 1.2005806477213765, 1.2007370713755519, 1.2006079613681662, 1.2001963610611979, 1.1995065519024335, 1.1985473895751424, 1.1973241153525747, 1.1958444758535647, 1.1941155276400819, 1.192146314734809, 1.1899416055573182, 1.187504443325099, 1.1848347120009164, 1.1819276683374396, 1.178787746905189, 1.1754077091633048, 1.1717825944094526, 1.1679257026083816, 1.1638254663184453, 1.1594854007464361, 1.154902714003664, 1.1501017195538763, 1.1450721705629645, 1.1398416507279476, 1.134424056440504, 1.1288207221991042, 1.1230458271212553, 1.1170964964919916, 1.1109826193577517, 1.1046952307104787, 1.098262972443652, 1.0916662379368516, 1.0849188607852538, 1.0780188170640654, 1.0710048047252796, 1.0638601881736305, 1.0566042429211988, 1.0492516526064177, 1.0418058788343627, 1.03428273003298, 1.0266786213603352, 1.019013652274647, 1.011291716782341
0.6496193197328806, 0.6666686234389969, 0.6835964021628405, 0.7003903380623582, 0.7170307432094871, 0.7335253371902715, 0.7498415321640577, 0.7659782724939914, 0.7819255879605675, 0.7976691248159495, 0.8132079927987297, 0.8285194161609324, 0.8436045148237836, 0.8584478731147867, 0.8730391943867977, 0.8873742055742886, 0.9014469719533151, 0.9152429418283878, 0.9287590791014599, 0.9419832620260769, 0.9549133488592743, 0.9675447963186903, 0.9798649541324691, 0.9918719864343286, 1.0035581441720351, 1.0149173521334474, 1.025948795716185, 1.0366473903226021, 1.0470040626897683, 1.0570245647461745, 1.0666969228525174, 1.076021558931127, 1.0849969606233882, 1.0936156313886256, 1.1018842271795561, 1.1097949938969434, 1.1173489720457566, 1.1245415384612896, 1.1313792149880042, 1.1378573652342139, 1.1439786856587117, 1.1497430080655802, 1.1551529437509513, 1.1602116456258171, 1.1649127704540119, 1.1692641481137356, 1.1732748664018997, 1.176933501170761, 1.1802519542703278, 1.183230698302661, 1.1858748496666207, 1.1881900436531252, 1.1901741891700608, 1.1918424806292647, 1.1931885417739023, 1.1942223600526445, 1.1949468214975978, 1.1953719263713039, 1.195499216303669, 1.1953385030561945, 1.194888777114154, 1.1941623027019075, 1.193163011825713, 1.1918947361204273, 1.1903743341657131, 1.1886024314912715, 1.1865854967718787, 1.1843303469291113, 1.1818462195654886, 1.1791363405873936, 1.1761975087952221, 1.1730280623267033, 1.1696289805171132, 1.1659953117128223, 1.1621294877689605, 1.1580318163022083, 1.153705354759981, 1.149146544528132, 1.1443619219238341, 1.1393546474418086, 1.1341391414939492, 1.1287295273777458, 1.1231388237028481, 1.1173728717749354, 1.111432619627574, 1.105337123406751, 1.0990817541525528, 1.0926794937779603, 1.0861334229787145, 1.0794408795135721, 1.0726096270974166, 1.0656468533765802, 1.0585690424491814, 1.051381273945931, 1.0440938891203286, 1.0367196961344431, 1.0292619243192602, 1.0217342021777922, 1.0141478457705615, 1.0065063418895361
0.6456885800269871, 0.6626714866122141, 0.6795343399371054, 0.6962630290235827, 0.7128467473057993, 0.7292751650012361, 0.745538707930538, 0.7616237347283876, 0.7775184898234881, 0.7932144868217739, 0.8086979448395928, 0.8239715439216289, 0.8390111182126381, 0.8538111413458784, 0.8683698660674848, 0.882666170164593, 0.896703559317749, 0.9104670568961906, 0.9239547856126249, 0.9371527811866036, 0.950057278638563, 0.9626649178313782, 0.9749625518724256, 0.9869485398570665, 0.9986173173432631, 1.0099613513367869, 1.0209780949469218, 1.0316639145477664, 1.0420094780379783, 1.052018619265314, 1.0616819089742604, 1.0709949055963888, 1.0799630321249536, 1.0885752546871243, 1.0968353599957892, 1.1047387343759594, 1.112289148583275, 1.119474612479645, 1.1263073705472548, 1.1327762192362014, 1.1388947120664197, 1.144650060611066, 1.1500518204725934, 1.1550974061852939, 1.1597942765091203, 1.16413725632039, 1.1681326974193196, 1.1717802111598514, 1.1750854818042198, 1.178052369317892, 1.1806820973472396, 1.1829815564102928, 1.1849500378137447, 1.1865947388226301, 1.1879216547339508, 1.1889352335421206, 1.189634113574459, 1.1900358338986718, 1.1901358521261356, 1.189945449404159, 1.1894658438080112, 1.18870527879952, 1.1876750851364148, 1.1863744676995251, 1.184814659300467, 1.1830031924442421, 1.180943902194815, 1.178643572167192, 1.1761139535017575, 1.1733632019724451, 1.170387348548462, 1.16719021273867, 1.1637633528782088, 1.160118103790249, 1.15624141832875, 1.152142952774379, 1.147818431161272, 1.1432756265598938, 1.1385140773078843, 1.1335319429332769, 1.1283384506264182, 1.1229439830524042, 1.1173672114978386, 1.1116136009941284, 1.1057011117878401, 1.099621228768906, 1.0933856411999399, 1.0870050048079731, 1.0804882603302017, 1.073846408870767, 1.067071027125972, 1.0601728817613845, 1.053158959674401, 1.0460391296152123, 1.0388195804070106, 1.0315118532727778, 1.0241325067212257, 1.0166833921386553, 1.00917303931418, 1.0016076289873963
0.6416523876281834, 0.6585626166200269, 0.6753547283291992, 0.6920148633800656, 0.7085376299726844, 0.724903820801539, 0.7411068535498826, 0.7571331703041713, 0.7729725220023402, 0.7886131403167047, 0.8040510763185997, 0.8192705203458202, 0.834264589840326, 0.8490229149431405, 0.8635389362260701, 0.8777994865885033, 0.8917989379118785, 0.9055266427061808, 0.918983327024729, 0.9321501567973618, 0.9450258063522297, 0.957607516702832, 0.9698763170853075, 0.9818456033326468, 0.9934925283535447, 1.0048182554763683, 1.0158205101909514, 1.026488821710525, 1.036822241660512, 1.046818885422705, 1.0564696127825597, 1.0657752993757823, 1.074734356576907, 1.0833412615614177, 1.09158981215469, 1.0994918587920592, 1.1070309249891208, 1.1142179089168804, 1.1210454625194428, 1.1275089595264687, 1.1336201113168682, 1.1393724237012917, 1.14476577928244, 1.1498059421182232, 1.154494046369794, 1.1588283339555003, 1.1628142328050215, 1.1664542594539524, 1.169749108688289, 1.1727074543772558, 1.1753246434576523, 1.177607404596631, 1.1795660891996702, 1.1811963712796425, 1.182507534370397, 1.1835013900574038, 1.1841848183757078, 1.18456361240501, 1.1846392860348685, 1.184424524313786, 1.183923282732283, 1.183138558417741, 1.18207707402546, 1.1807473311828813, 1.1791519399574737, 1.1773072430954086, 1.1752112199893103, 1.172877107198711, 1.1703055457790041, 1.1675131477431178, 1.1644995445957376, 1.1612679431157131, 1.157820704977321, 1.1541526179198085, 1.150269523131061, 1.1461655369909876, 1.1418421737704447, 1.137302973852509, 1.1325568727592836, 1.1276000590482864, 1.1224337964076154, 1.117064713615572, 1.111505773160185, 1.105769383112846, 1.0998717240004252, 1.093824623504541, 1.0876184220652432, 1.0812626367866, 1.0747714761156244, 1.068158028459524, 1.0614277215188563, 1.0545774585458743, 1.047625431625856, 1.0405740745408876, 1.0334284247621595, 1.026195192899844, 1.0188890875716679, 1.0115164825920244, 1.004085759070409, 0.9966032676167371
0.6375094843893931, 0.6543466606712398, 0.6710646566672791, 0.6876564589961687, 0.7041082737748594, 0.7204086607993281, 0.7365486346534729, 0.7525128025211663, 0.7682925853486386, 0.7838775290188158, 0.799261276463084, 0.8144280102120183, 0.8293725010900586, 0.8440858953524062, 0.8585527301742131, 0.8727731247077903, 0.8867307454742059, 0.9004248275877371, 0.9138431842769981, 0.9269805411010656, 0.9398236926466295, 0.9523750203149062, 0.9646237082775313, 0.9765627002173103, 0.9881852000937057, 0.9994902870543028, 1.0104752004574804, 1.0211276776618545, 1.0314445247182773, 1.0414259193768798, 1.0510634473265794, 1.0603582151443787, 1.0693040340260351, 1.07790578492052, 1.0861517357581816, 1.094043932317322, 1.1015799980752616, 1.1087580635305967, 1.1155807438133492, 1.1220458121855073, 1.1281504918516374, 1.1338978455647846, 1.1392914168700754, 1.144326242438022, 1.149009385795142, 1.1533401640412775, 1.1573183222890817, 1.160953554025741, 1.1642422533777603, 1.1671853637424645, 1.169799835030278, 1.172074535953608, 1.17402157309387, 1.1756401630976212, 1.1769378473319305, 1.1779193365924625, 1.1785891632360217, 1.1789503078862706, 1.179007908939016, 1.1787712953228207, 1.178252716542242, 1.1774437506062823, 1.1763571588799548, 1.1750017772457424, 1.173382768471245, 1.1715077432552858, 1.169381518122047, 1.1670134298070733, 1.1644095534008967, 1.1615781299468706, 1.158529776090755, 1.1552652139566844, 1.1517891891427068, 1.1481041305833513, 1.144203015808226, 1.1400949411691625, 1.1357760961757988, 1.1312402145499858, 1.1265016285450384, 1.1215596019780802, 1.1164232401477916, 1.1110843627043776, 1.105554085276732, 1.0998424422657775, 1.0939641005392344, 1.0879316295603685, 1.081761311984276, 1.075445498104851, 1.06898804613851, 1.0624037633907717, 1.0557024884651112, 1.0488942707651985, 1.0419914876017087, 1.035000006419092, 1.0279207093137712, 1.0207650227999947, 1.0135344250887668, 1.0062375792914677, 0.9988890796906373, 0.9914898475980563
0.6332639093620775, 0.6500195443641834, 0.6666638841123662, 0.6831797968061641, 0.6995608194230689, 0.7157912099011261, 0.7318636861071388, 0.7477645477401529, 0.7634815064305789, 0.7790080848820109, 0.7943323368224418, 0.8094439151530031, 0.8243365183473328, 0.8389984737990295, 0.8534187000520097, 0.867591177073062, 0.8815080321983038, 0.8951585682867416, 0.9085412020621133, 0.9216394221432571, 0.9344516585469576, 0.9469710172963266, 0.9591881299668144, 0.9710987120806918, 0.9827045594486803, 0.9939807633295699, 1.0049458062032057, 1.0155786819160353, 1.025880663668569, 1.0358442950127182, 1.0454690031962626, 1.0547519233885252, 1.0636896048108424, 1.0722781149932983, 1.080516273305494, 1.088396650385536, 1.0959289863749815, 1.1031053512172333, 1.1099236002483606, 1.1163835299006264, 1.1224883623632875, 1.1282333251906946, 1.1336222778002378, 1.1386573994664202, 1.1433374747837233, 1.1476650075472632, 1.151642565154499, 1.1552672472720245, 1.158553438018184, 1.161497555061973, 1.1641002250209267, 1.1663739668673143, 1.1683099088106088, 1.16992019287009, 1.1712097727404354, 1.1721753886198654, 1.1728376128708105, 1.1731857860897845, 1.1732315161475482, 1.172984513829742, 1.1724423561984052, 1.1716170629704648, 1.170510911129706, 1.1691343252026014, 1.1674925815854094, 1.1655912892592708, 1.1634396451587632, 1.1610451336065664, 1.1584162203040362, 1.155555798737157, 1.152470006175622, 1.149179747049831, 1.1456761312443815, 1.1419689845104442, 1.138054097147747, 1.133933496288246, 1.1296122242538784, 1.1250871880275097, 1.120358579398757, 1.1154265472108404, 1.1103036955335552, 1.1050000742163375, 1.0995004815147196, 1.0938183873784721, 1.0879716707098366, 1.0819619112654477, 1.0758121422909168, 1.0695294333544565, 1.0631181589675434, 1.0565732965413757, 1.0499054515099386, 1.0431388183153016, 1.0362721043812355, 1.0293303603455355, 1.022309686817553, 1.015222214028813, 1.0080670275383694, 1.0008519974838093, 0.993587224847583, 0.9862678122264184
0.628912878528392, 0.6455895222062074, 0.6621530356316425, 0.6785929175979026, 0.6948921733945879, 0.711052665688789, 0.7270556420594891, 0.7428864997069189, 0.7585385206906912, 0.774000022256419, 0.7892591699783784, 0.8043196939716308, 0.8191579848035913, 0.8337649730191563, 0.8481325982696175, 0.8622567442250171, 0.8761270765103779, 0.8897378318884241, 0.9030765717514901, 0.9161382998560859, 0.928911822780381, 0.9413986571412947, 0.9535841560141902, 0.9654673707408206, 0.9770386084349978, 0.9882978649543714, 0.9992354162117492, 1.0098455501145578, 1.0201295599803002, 1.030074290819793, 1.0396880284510415, 1.0489565760877566, 1.0578817936064224, 1.0664559626302035, 1.0746861511866639, 1.0825601801040063, 1.0900879050432435, 1.0972557666368088, 1.104069558615559, 1.1105274231717983, 1.1166289783527175, 1.1223738579563856, 1.1277611190233143, 1.132791941672461, 1.1374721209068737, 1.1417955729226987, 1.1457740619362395, 1.1493993023987867, 1.1526812899679824, 1.1556259422973225, 1.1582254715584055, 1.160492542519246, 1.1624253003787457, 1.1640314159911993, 1.1653149658866395, 1.166276825513246, 1.1669259882247998, 1.1672651771269669, 1.1673015274313512, 1.167042358700182, 1.1664862488483108, 1.1656480256267754, 1.1645299657232497, 1.163135039138008, 1.1614769345166591, 1.1595588127951428, 1.1573835718616605, 1.1549686080582786, 1.1523157786466625, 1.1494325825543426, 1.1463244342727235, 1.1430076385040335, 1.1394793823009435, 1.1357499639805466, 1.1318210758349663, 1.1276913925813217, 1.1233591177844202, 1.118835300330903, 1.1141203259912613, 1.1092052346840857, 1.1041014874051056, 1.0988114715615707, 1.0933457603611485, 1.0877027729081759, 1.081886304382496, 1.0759107399498928, 1.0697893951768576, 1.0635307616113705, 1.0571503050791646, 1.0506593194749696, 1.0440439604853777, 1.0373202968106723, 1.0304973173676215, 1.0235892757856062, 1.016616616680028, 1.0095822757865234, 1.0024953429482748, 0.9953595500767802, 0.9881741887578555, 0.9809443158086237
0.6244641085082341, 0.6410521136919085, 0.6575320580190143, 0.673890183674895, 0.6901142265860427, 0.7061966319477326, 0.7221216006946873, 0.7378834499051257, 0.7534659208075203, 0.7688634595675792, 0.7840645973177223, 0.7990554430680588, 0.8138290902240426, 0.8283840604668447, 0.8426964162520489, 0.8567708706566135, 0.8705953268902489, 0.8841561012604009, 0.8974494904161423, 0.9104689687053087, 0.9232058360747457, 0.9356544249528111, 0.947808326273285, 0.9596579814100208, 0.9711986255868181, 0.9824303581492968, 0.9933421794063007, 1.0039316645306284, 1.0141942203070853, 1.024122470865204, 1.033714165129548, 1.0429694904480966, 1.051879665578741, 1.0604453057726984, 1.068662426022402, 1.0765263294910836, 1.08404574895643, 1.0912103092526833, 1.0980185967314737, 1.1044695371099662, 1.1105699698857263, 1.1163111387487232, 1.1216990017752435, 1.126734339317518, 1.1314077424402198, 1.1357344820600472, 1.1397100013944081, 1.1433384168465563, 1.1466207268376207, 1.1495551165169529, 1.1521597901865688, 1.154425962800107, 1.1563591809756444, 1.157962486174017, 1.1592414381828346, 1.1601986320950273, 1.16084734430392, 1.161180406389394, 1.1612145351848282, 1.1609456091682047, 1.160382318570977, 1.1595364858746704, 1.158405706392574, 1.1570014523923815, 1.1553304046914077, 1.1533971229892002, 1.1512121100468518, 1.1487754824856067, 1.1461072621741648, 1.1432036871101543, 1.1400785791349959, 1.1367397107340365, 1.1331888537243442, 1.1294448849032248, 1.125497471042304, 1.121360911280969, 1.1170235324243931, 1.1124991362682293, 1.1077887870852932, 1.1028853354289607, 1.097802598672021, 1.092532963807595, 1.087092222933964, 1.0814846001277472, 1.0757076161207761, 1.069770044838772, 1.0636824159333953, 1.0574596350523988, 1.051109295327893, 1.0446492982908948, 1.0380847512678129, 1.03141719656126, 1.024646795172063, 1.017787403429753, 1.0108578337190606, 1.0038641908157713, 0.9968362369035715, 0.9897654535458598, 0.9826548018534025, 0.9755068924467407
0.6199121582645111, 0.6364087222572747, 0.6528023249763555, 0.6690777512564017, 0.6852204831268756, 0.7012159804880858, 0.7170675243552216, 0.7327546785232952, 0.7482630984872598, 0.7635922710411398, 0.778722702736764, 0.7936512482427309, 0.8083644442315849, 0.8228527325074273, 0.8371152979197367, 0.851134432165316, 0.8649033857058006, 0.8784144981478468, 0.8916627569382554, 0.9046360249923735, 0.917331464706673, 0.9297403018116439, 0.9418569737349527, 0.9536727952195632, 0.9651837061971689, 0.9763859195309648, 0.987268996543551, 0.9978347502230092, 1.0080713952857492, 1.0179783415000498, 1.0275512489859464, 1.0367891172412937, 1.0456852803293257, 1.054236444327631, 1.0624437446515058, 1.070302377639062, 1.0778078854417883, 1.084964800221523, 1.0917641906384814, 1.0982176477571413, 1.104310492134398, 1.1100530618756137, 1.1154383168029893, 1.1204697682970375, 1.125150177260454, 1.1294767273741213, 1.1334521261574677, 1.1370812775395391, 1.1403646690741907, 1.1433055082159624, 1.145907307298951, 1.1481746606221277, 1.1501058308649474, 1.1517119938339588, 1.1529853172634672, 1.1539519964260547, 1.1545951921922848, 1.1549294843491635, 1.1549576485148405, 1.1546820157138624, 1.1541173225009898, 1.1532705584891074, 1.1521349077616376, 1.1507253621141968, 1.1490462616948234, 1.1471039774606977, 1.1449076695145264, 1.1424658558153196, 1.1397809300495068, 1.136866417861941, 1.133724874502124, 1.1303683892789378, 1.1268093070346579, 1.1230350865578513, 1.1190854231758989, 1.1149348358900992, 1.1106005205056375, 1.1060759812581322, 1.1013635123566798, 1.0964753415807662, 1.0914100097883574, 1.086165177808577, 1.0807493085185156, 1.075166703085034, 1.0694277263581808, 1.0635327212098131, 1.0574891475712063, 1.0513061465799778, 1.044994627429804, 1.038568331233523, 1.0320435506866614, 1.0254213768161433, 1.018716578320375, 1.0119180833613894, 1.0050325900073345, 0.9980997839760972, 0.9911136901096027, 0.9840932216664227, 0.9770476404266786, 0.9699779082157702
0.6152603236709124, 0.631665382067502, 0.647966317499594, 0.6641529525449519, 0.6802070510144516, 0.6961266901513303, 0.711892929433044, 0.7275005208715681, 0.7429352335326511, 0.7581878017700516, 0.773246366625588, 0.7881091285979904, 0.8027551990087884, 0.8171827308191295, 0.8313783703960729, 0.8453402034044855, 0.8590542906239333, 0.872515666857832, 0.8857109599275601, 0.8986393346056074, 0.9112905664871489, 0.9236570543790092, 0.9357332155068248, 0.9475097753697623, 0.9589899381031897, 0.9701581925614589, 0.9810128276454035, 0.9915486649801677, 1.0017614618326176, 1.0116459433080633, 1.0211982149048948, 1.0304181381756647, 1.039295924604299, 1.0478331304077626, 1.0560279478491053, 1.0638737415461064, 1.071370290432898, 1.0785201670945694, 1.0853162578230409, 1.0917595337578971, 1.0978505842346094, 1.1035906966903992, 1.1089742609659394, 1.1140091634964433, 1.1186888869969165, 1.1230207914071313, 1.1269992477164505, 1.1306278480813985, 1.1339152841922013, 1.1368574103594424, 1.1394624449370836, 1.1417330840048363, 1.1436681025585882, 1.1452754225763853, 1.1465587109731201, 1.1475219292151122, 1.1481694345505984, 1.1485035970148045, 1.1485350063466582, 1.1482664652345802, 1.14770069252189, 1.1468453366922189, 1.1457049012276412, 1.1442981367329947, 1.142616138961034, 1.1406710102680817, 1.138469806883104, 1.1360219710875894, 1.1333316324883311, 1.130407729937498, 1.127259718741878, 1.1238942111412937, 1.1203206061804876, 1.1165414060622778, 1.1125758101608865, 1.1084201083668104, 1.1040787726480827, 1.0995566318151289, 1.0948518187289222, 1.089972424193479, 1.08491530316127, 1.0797021342380786, 1.0743094921388403, 1.0687548391737236, 1.0630526222099546, 1.0572011784957338, 1.0512020993386413, 1.0450630987878808, 1.0387985474256025, 1.032420265192914, 1.0259350374413954, 1.0193568480426576, 1.0126980220421542, 1.005963005197894, 0.9991497529503048, 0.9922730545451399, 0.9853408353345214, 0.9783724631359716, 0.9713785106463488, 0.9643683997469834
0.6105062742876006, 0.626817207815022, 0.6430244996116796, 0.6591166029680293, 0.6750838741707552, 0.6909138720462016, 0.7065964972666903, 0.7221235262530952, 0.737477508362093, 0.752653578744769, 0.7676361828575997, 0.7824223141413986, 0.7970050997708027, 0.811364064685363, 0.8255004666827075, 0.8393992629824849, 0.8530542611277836, 0.8664556771427625, 0.8796034841910538, 0.8924768488382169, 0.9050821291138957, 0.9174028915912116, 0.9294365108977258, 0.9411767196197358, 0.9526154842256203, 0.9637493435378301, 0.9745716445352626, 0.9850787775031433, 0.9952652485453113, 1.005124586526807, 1.0146529977006322, 1.0238494655527033, 1.0327124912893337, 1.0412299472516464, 1.0494135855512026, 1.0572481375370542, 1.0647361919779952, 1.0718732213461193, 1.0786636379522987, 1.0851008446001726, 1.0911908732599924, 1.0969270819256804, 1.1023118270838976, 1.1073450686048742, 1.1120265153022073, 1.1163572737391858, 1.120340441407481, 1.1239767838610204, 1.1272645833766743, 1.1302136879526001, 1.1328253617760735, 1.1350972938594124, 1.137041900842493, 1.138652843851264, 1.1399404111398566, 1.1409079832443423, 1.141562094005205, 1.1419031184017454, 1.1419376857137093, 1.1416686039484132, 1.1411068035727707, 1.140258458882836, 1.1391234261679868, 1.1377153055632503, 1.136034545626738, 1.1340903218788752, 1.1318893840905657, 1.1294381915362264, 1.126746921127082, 1.1238203654443835, 1.1206667990107801, 1.1172990343932154, 1.1137182576935087, 1.1099361771618304, 1.1059612523024382, 1.101798770222639, 1.0974599629852149, 1.0929414518642444, 1.0882444894172876, 1.0833732243985734, 1.0783375678468259, 1.0731388269346906, 1.0677783302561492, 1.0622592725854174, 1.0565862511629218, 1.0507704990809072, 1.0448178139410684, 1.0387306586562088, 1.032514169460728, 1.026186561089875, 1.0197503907150134, 1.0132211500264772, 1.0066043328543115, 0.999924568577522, 0.9931769308515639, 0.9863645425644476, 0.9795012637338045, 0.9725901843460418, 0.965656053225028, 0.9587027365183145
0.6056588907572467, 0.6218693543793057, 0.6379785461189895, 0.653972714674981, 0.6698484510101919, 0.6855875234508408, 0.7011809446487822, 0.7166188018089228, 0.7318899050693721, 0.7469855428885905, 0.7618942793520977, 0.7766067911071373, 0.7911115839282337, 0.8054014466576929, 0.8194686798807878, 0.8333035675695468, 0.8468998463490847, 0.8602376737874122, 0.8733322850668541, 0.8861540675053545, 0.8987059372660182, 0.9109792586528824, 0.9229681806703267, 0.9346680307414301, 0.9460639322348099, 0.9571624319890715, 0.9679500510067198, 0.9784245781432572, 0.9885793269731833, 0.9984122697927829, 1.0079198901164856, 1.017093703692633, 1.0259317427159713, 1.0344364125039318, 1.042596930354999, 1.0504212184875668, 1.0578984756682273, 1.0650281332092488, 1.0718099777740688, 1.078242580089781, 1.0843247235110693, 1.090056464445925, 1.0954412986754845, 1.100472026921774, 1.1051582179367498, 1.1094925752446398, 1.1134793788976394, 1.117121201596734, 1.1204156064374358, 1.1233711376824855, 1.1259886969806017, 1.1282663321648156, 1.1302108106759716, 1.1318343594080487, 1.1331296145488308, 1.1341061634399479, 1.1347679369560622, 1.135112739929677, 1.135156739478833, 1.1348982213228451, 1.134341024476508, 1.1334999684816962, 1.1323721552375146, 1.1309629274850534, 1.1292929490035872, 1.127349577221362, 1.12515389242819, 1.1227096746169094, 1.1200203086356337, 1.1170979859935413, 1.113946161538382, 1.1105775863964125, 1.1069966716271962, 1.1032156090524579, 1.0992398218608583, 1.0950757938693512, 1.0907353321809365, 1.0862201225115653, 1.0815306093443082, 1.076673941709994, 1.0716572163111548, 1.0664752730413012, 1.0611417119543516, 1.055658810530697, 1.0500227797346637, 1.0442445270333023, 1.03833314562291, 1.0322970765952517, 1.0261403920046446, 1.0198663025483254, 1.0134773290606516, 1.0070075206456464, 1.0004425810582616, 0.9938169151306822, 0.9871264472152346, 0.9803804953350008, 0.9735842200297666, 0.9667499399088255, 0.9598770480110117, 0.9529907173554362
0.600714084344264, 0.6168191391271689, 0.632825707858717, 0.6487228329292085, 0.6644993772007828, 0.680131512857229, 0.6956453030479315, 0.7109940162445723, 0.7261759893328827, 0.7411820001222322, 0.756014096420599, 0.7706455816321585, 0.7850788584506843, 0.7992971033463183, 0.813286039313236, 0.8270563496109729, 0.8405844532206173, 0.8538692687013052, 0.8668967685972957, 0.8796661990282955, 0.8921638504347653, 0.9043860351975637, 0.9163252678368563, 0.9279750284460375, 0.9393339437378811, 0.9503896315709097, 0.9611366792153104, 0.97157682937637, 0.9817058765375419, 0.9915083358920525, 1.000988400841325, 1.0101401443014835, 1.0189595458978742, 1.0274418362495394, 1.0355865107044506, 1.0433884629277896, 1.0508545769200195, 1.0579757339088145, 1.0647482912490203, 1.0711753664834687, 1.0772528076000212, 1.0829801189482948, 1.0883644687167928, 1.0933938520047546, 1.0980782255043975, 1.1024178970529475, 1.1064092590078145, 1.1100536998623651, 1.1133601072014185, 1.116317857378763, 1.1189414388639731, 1.1212295559855887, 1.1231904604253442, 1.1248188604198814, 1.1261250660264492, 1.127109101905826, 1.1277795924902732, 1.1281355016462653, 1.128189789679328, 1.1279410505030993, 1.1273960772446427, 1.126563309653899, 1.1254449328470626, 1.1240488416296897, 1.1223830540583775, 1.1204528385555035, 1.1182656835088478, 1.1158255708205287, 1.1131448767038803, 1.1102280500862234, 1.1070838926811062, 1.103719708169673, 1.1001450364750367, 1.0963674641959171, 1.092396180192746, 1.0882361357886294, 1.083896719829272, 1.0793937975921493, 1.0747155378241855, 1.0698738354786483, 1.0648715521819723, 1.0597125673214363, 1.0543995644632131, 1.0489523872546966, 1.0433545510893678, 1.0376182293473546, 1.0317517198001864, 1.0257617740139962, 1.019656887704353, 1.0134438804677002, 1.0071199679953322, 1.0007111774173465, 0.9942080644910858, 0.9876355108578165, 0.9809985446639358, 0.9743130394376491, 0.9675907305805707, 0.960832715091203, 0.9540382272543182, 0.9472211600587697
0.595667308877295, 0.6116650885752568, 0.627568260908034, 0.6433599306082654, 0.6590345479909585, 0.67458367637997, 0.6899908143660438, 0.7052442570744324, 0.720336292404439, 0.7352605479720244, 0.7500016069219866, 0.7645510401975413, 0.7789025607791791, 0.7930434742497239, 0.8069630731877977, 0.8206602638889278, 0.8341204247028342, 0.8473357099993022, 0.8603026911089087, 0.8730093245683745, 0.8854489494838331, 0.8976203694613316, 0.9095107256790795, 0.9211119944552193, 0.9324203240589766, 0.9434322529145289, 0.9541454481854172, 0.9645488736823422, 0.9746428158976554, 0.9844142448314086, 0.99386500044925, 1.0029884532632165, 1.0117813677287684, 1.0202467766633658, 1.0283726238026558, 1.0361600295243845, 1.0436074097935686, 1.0507165233683393, 1.057478277481155, 1.063896078434996, 1.069969860641879, 1.0756949654497658, 1.0810733873228981, 1.0861009992620607, 1.0907891853138194, 1.0951315890114612, 1.0991251808536644, 1.102775514233758, 1.1060858037264678, 1.1090592572377131, 1.1116886393861476, 1.1139878473758555, 1.1159590813536253, 1.1175972148871365, 1.1189113795270655, 1.1199110937159658, 1.1205935932993354, 1.1209621529683984, 1.1210299767302372, 1.1207928800165972, 1.1202611608313857, 1.1194413582042015, 1.1183355086487508, 1.1169560913812289, 1.1152997787679793, 1.1133837194764409, 1.1112073522538735, 1.1087825625821166, 1.1061123173978826, 1.1032018116471134, 1.1000736325003286, 1.0967171439098022, 1.093156873029005, 1.089385463172401, 1.0854249813576144, 1.081275913748331, 1.0769503091960742, 1.0724505211927235, 1.0677863488923292, 1.0629620786481224, 1.0579757642939454, 1.052843276367784, 1.0475562208740028, 1.0421413339428325, 1.0365781418931546, 1.030882141479064, 1.0250613484344937, 1.0191228194755366, 1.0130734365319638, 1.00692184366397, 1.0006667000867777, 0.9943154189298395, 0.98788233074671, 0.9813714694636415, 0.9748015923374025, 0.9681838482575413, 0.9615281862673681, 0.9548372095787867, 0.9481213420762797, 0.9413864941300529
0.590526392144052, 0.6064135113774567, 0.6222045742690723, 0.6378837426370714, 0.653464428023649, 0.668903887075678, 0.6842136671085894, 0.6993713718409564, 0.7143734797444372, 0.7292002316569777, 0.7438509355982701, 0.7583127543791752, 0.7725848916997604, 0.7866443438396287, 0.8004896352819726, 0.8141080716037008, 0.8274987799699884, 0.8406472019997819, 0.8535440309339846, 0.8661893633495508, 0.8785698620103402, 0.8906824002713831, 0.9025184724876452, 0.9140671263653202, 0.9253273495561585, 0.9362952122192523, 0.946967888386328, 0.9573297834349317, 0.9673798278207313, 0.9771238714629389, 0.9865407478078181, 0.9956357473247506, 1.0044075800524253, 1.0128449606217371, 1.0209512458134098, 1.0287216611713275, 1.0361526963805145, 1.043247495791209, 1.0499956363498937, 1.056407511010522, 1.0624714805178241, 1.068187666353107, 1.0735600501107028, 1.0785969772682789, 1.0832846608838507, 1.0876271359930767, 1.091626653122158, 1.09528537741443, 1.0986035710409494, 1.1015834955499981, 1.1042251105012637, 1.1065294713599227, 1.108513174210617, 1.1101662268365429, 1.1114938953471336, 1.1125044076031996, 1.113198830501001, 1.1135874937006305, 1.1136670690305577, 1.113446545067677, 1.1129324897527537, 1.1121206920389666, 1.11103870823906, 1.109674462421597, 1.108037324436732, 1.1061355454292778, 1.103977236049178, 1.1015669027324533, 1.0989139755917732, 1.0960255968882349, 1.092907130010313, 1.089567580427544, 1.086020879561448, 1.082267079776197, 1.0783202911130543, 1.0741866226003038, 1.0698693507118575, 1.0653894098454186, 1.0607395261217603, 1.0559359605932697, 1.0509726883056016, 1.0458646074149085, 1.0406103708678556, 1.0352181122283879, 1.0296955178495564, 1.024041603689585, 1.01826559494756, 1.0123762343018923, 1.0063759680301656, 1.0002828419844105, 0.9940955709085726, 0.9878164357763835, 0.9814499696695576, 0.9750109452988651, 0.9685150631523625, 0.9619658739347043, 0.9553784258653293, 0.9487563116958126, 0.9421263359308751, 0.9354753140316658
0.5852898385709748, 0.6010614181263554, 0.6167411420368429, 0.6323151468935029, 0.6477791137536384, 0.6631164999863755, 0.6783195339266959, 0.6933765268521368, 0.7082788518880028, 0.7230112247246394, 0.7375716509870953, 0.7519459451154331, 0.7661227167048805, 0.7800994869656632, 0.7938595079238508, 0.8074040022501192, 0.8207219218952728, 0.8337944301269387, 0.8466229095014439, 0.8592026656642444, 0.8715188785293888, 0.8835729170130859, 0.8953495814280883, 0.9068452490547996, 0.9180562857155321, 0.928973083935932, 0.9396020696343923, 0.9499219583875442, 0.9599322785341498, 0.9696366037318027, 0.9790213240153376, 0.9880850950660429, 0.9968292169048665, 1.005241570904711, 1.0133231965534604, 1.0210752664006817, 1.0284875241757474, 1.035565368554603, 1.0423021672213748, 1.0487011919252494, 1.0547571485330876, 1.0604741117481309, 1.065845116823719, 1.0708745158471187, 1.0755602088051672, 1.0799004389179911, 1.0839079582187976, 1.0875720869487706, 1.0908945865442687, 1.093882135265079, 1.096537590942222, 1.098861388656199, 1.1008525427674583, 1.102515329856753, 1.1038604245791843, 1.1048883155541231, 1.1055994948814414, 1.1060022822435114, 1.1061001603828897, 1.1058962840282716, 1.1053984185029533, 1.1046154218103181, 1.1035482614287018, 1.102201844583905, 1.1005850890149302, 1.098705083706224, 1.096565837463305, 1.0941776855025251, 1.0915433969566406, 1.088672611365335, 1.0855784438620573, 1.082262785312838, 1.078733098117378, 1.0749990428762954, 1.0710688062661289, 1.0669566551139367, 1.0626631232937411, 1.058193849995365, 1.0535726178094889, 1.0487870501805032, 1.0438515006518854, 1.0387675629978075, 1.033541097894516, 1.0281830242975358, 1.0226989887375835, 1.0170880156606215, 1.0113576521797851, 1.005513781182425, 0.9995675422598636, 0.9935299816604042, 0.9874075876103374, 0.9811977583934235, 0.974908832825629, 0.9685453490392915, 0.9621195758205614, 0.9556469982683948, 0.9491339421617893, 0.9425952455214412, 0.9360404298433833, 0.9294748987318142
